"a","b","score","gen_a","gen_b"
"360095.BARBAKC583_0032","360095.BARBAKC583_0780",0.545,"RS00170","RS03805"
"360095.BARBAKC583_0032","360095.BARBAKC583_0035",0.998,"RS00170","mnhG"
"360095.BARBAKC583_0035","360095.BARBAKC583_0780",0.527,"mnhG","RS03805"
"360095.BARBAKC583_0036","360095.BARBAKC583_0621",0.405,"RS00190","RS02995"
"360095.BARBAKC583_0036","360095.BARBAKC583_1214",0.416,"RS00190","RS05920"
"360095.BARBAKC583_0036","360095.BARBAKC583_0116",0.444,"RS00190","RS00580"
"360095.BARBAKC583_0036","360095.BARBAKC583_1136",0.51,"RS00190","RS05555"
"360095.BARBAKC583_0036","360095.BARBAKC583_0314",0.573,"RS00190","RS01505"
"360095.BARBAKC583_0036","360095.BARBAKC583_0970",0.586,"RS00190","RS04690"
"360095.BARBAKC583_0036","360095.BARBAKC583_0620",0.636,"RS00190","RS02990"
"360095.BARBAKC583_0049","360095.BARBAKC583_0050",0.776,"RS00250","holA"
"360095.BARBAKC583_0050","360095.BARBAKC583_1350",0.434,"holA","RS06570"
"360095.BARBAKC583_0050","360095.BARBAKC583_1213",0.46,"holA","RS05915"
"360095.BARBAKC583_0050","360095.BARBAKC583_0987",0.486,"holA","RS04775"
"360095.BARBAKC583_0050","360095.BARBAKC583_1214",0.5,"holA","RS05920"
"360095.BARBAKC583_0050","360095.BARBAKC583_1248",0.613,"holA","RS06075"
"360095.BARBAKC583_0050","360095.BARBAKC583_0323",0.653,"holA","RS01555"
"360095.BARBAKC583_0050","360095.BARBAKC583_0064",0.689,"holA","RS00325"
"360095.BARBAKC583_0059","360095.BARBAKC583_0780",0.471,"RS00300","RS03805"
"360095.BARBAKC583_0060","360095.BARBAKC583_0062",0.58,"RS00310","tsaD"
"360095.BARBAKC583_0062","360095.BARBAKC583_0519",0.468,"tsaD","serS"
"360095.BARBAKC583_0062","360095.BARBAKC583_0064",0.547,"tsaD","RS00325"
"360095.BARBAKC583_0064","360095.BARBAKC583_1009",0.599,"RS00325","RS04870"
"360095.BARBAKC583_0064","360095.BARBAKC583_1214",0.611,"RS00325","RS05920"
"360095.BARBAKC583_0064","360095.BARBAKC583_1213",0.629,"RS00325","RS05915"
"360095.BARBAKC583_0064","360095.BARBAKC583_1350",0.644,"RS00325","RS06570"
"360095.BARBAKC583_0064","360095.BARBAKC583_0323",0.686,"RS00325","RS01555"
"360095.BARBAKC583_0071","360095.BARBAKC583_1327",0.402,"htpX","dnaJ"
"360095.BARBAKC583_0071","360095.BARBAKC583_0548",0.402,"htpX","lon"
"360095.BARBAKC583_0071","360095.BARBAKC583_0250",0.424,"htpX","RS01230"
"360095.BARBAKC583_0071","360095.BARBAKC583_1328",0.429,"htpX","dnaK"
"360095.BARBAKC583_0071","360095.BARBAKC583_1173",0.435,"htpX","groES"
"360095.BARBAKC583_0071","360095.BARBAKC583_0403",0.457,"htpX","tldD"
"360095.BARBAKC583_0071","360095.BARBAKC583_1149",0.51,"htpX","RS05620"
"360095.BARBAKC583_0071","360095.BARBAKC583_0395",0.544,"htpX","RS01900"
"360095.BARBAKC583_0071","360095.BARBAKC583_0072",0.55,"htpX","RS00365"
"360095.BARBAKC583_0071","360095.BARBAKC583_1334",0.575,"htpX","grpE"
"360095.BARBAKC583_0072","360095.BARBAKC583_0250",0.414,"RS00365","RS01230"
"360095.BARBAKC583_0072","360095.BARBAKC583_0676",0.515,"RS00365","rplN"
"360095.BARBAKC583_0072","360095.BARBAKC583_0874",0.54,"RS00365","RS04285"
"360095.BARBAKC583_0072","360095.BARBAKC583_0677",0.7,"RS00365","rplX"
"360095.BARBAKC583_0084","360095.BARBAKC583_0314",0.446,"RS00420","RS01505"
"360095.BARBAKC583_0084","360095.BARBAKC583_0187",0.45,"RS00420","RS00915"
"360095.BARBAKC583_0084","360095.BARBAKC583_0230",0.6,"RS00420","RS01115"
"360095.BARBAKC583_0084","360095.BARBAKC583_0228",0.601,"RS00420","RS01105"
"360095.BARBAKC583_0088","360095.BARBAKC583_0112",0.599,"sdhC","atpA"
"360095.BARBAKC583_0088","360095.BARBAKC583_0115",0.668,"sdhC","atpC"
"360095.BARBAKC583_0088","360095.BARBAKC583_0113",0.714,"sdhC","RS00565"
"360095.BARBAKC583_0088","360095.BARBAKC583_0780",0.805,"sdhC","RS03805"
"360095.BARBAKC583_0088","360095.BARBAKC583_0090",0.999,"sdhC","sdhA"
"360095.BARBAKC583_0088","360095.BARBAKC583_0089",0.999,"sdhC","sdhD"
"360095.BARBAKC583_0089","360095.BARBAKC583_0780",0.56,"sdhD","RS03805"
"360095.BARBAKC583_0089","360095.BARBAKC583_0090",0.999,"sdhD","sdhA"
"360095.BARBAKC583_0090","360095.BARBAKC583_1328",0.409,"sdhA","dnaK"
"360095.BARBAKC583_0090","360095.BARBAKC583_0114",0.42,"sdhA","atpD"
"360095.BARBAKC583_0090","360095.BARBAKC583_1172",0.524,"sdhA","groL"
"360095.BARBAKC583_0090","360095.BARBAKC583_0113",0.547,"sdhA","RS00565"
"360095.BARBAKC583_0090","360095.BARBAKC583_0411",0.588,"sdhA","RS01980"
"360095.BARBAKC583_0090","360095.BARBAKC583_0115",0.732,"sdhA","atpC"
"360095.BARBAKC583_0090","360095.BARBAKC583_0780",0.775,"sdhA","RS03805"
"360095.BARBAKC583_0090","360095.BARBAKC583_0112",0.825,"sdhA","atpA"
"360095.BARBAKC583_0092","360095.BARBAKC583_0369",0.957,"RS00470","ubiG"
"360095.BARBAKC583_0106","360095.BARBAKC583_0534",0.819,"fsa","pdhA"
"360095.BARBAKC583_0112","360095.BARBAKC583_1173",0.412,"atpA","groES"
"360095.BARBAKC583_0112","360095.BARBAKC583_0445",0.42,"atpA","RS02145"
"360095.BARBAKC583_0112","360095.BARBAKC583_0117",0.459,"atpA","RS00585"
"360095.BARBAKC583_0112","360095.BARBAKC583_1172",0.47,"atpA","groL"
"360095.BARBAKC583_0112","360095.BARBAKC583_0116",0.484,"atpA","RS00580"
"360095.BARBAKC583_0112","360095.BARBAKC583_1328",0.521,"atpA","dnaK"
"360095.BARBAKC583_0112","360095.BARBAKC583_1361",0.528,"atpA","RS06625"
"360095.BARBAKC583_0112","360095.BARBAKC583_0586",0.615,"atpA","frr"
"360095.BARBAKC583_0112","360095.BARBAKC583_0493",0.634,"atpA","rpsR"
"360095.BARBAKC583_0112","360095.BARBAKC583_0677",0.648,"atpA","rplX"
"360095.BARBAKC583_0112","360095.BARBAKC583_0676",0.737,"atpA","rplN"
"360095.BARBAKC583_0112","360095.BARBAKC583_0874",0.757,"atpA","RS04285"
"360095.BARBAKC583_0112","360095.BARBAKC583_0411",0.821,"atpA","RS01980"
"360095.BARBAKC583_0112","360095.BARBAKC583_0583",0.827,"atpA","rpsB"
"360095.BARBAKC583_0112","360095.BARBAKC583_0780",0.859,"atpA","RS03805"
"360095.BARBAKC583_0112","360095.BARBAKC583_0113",0.999,"atpA","RS00565"
"360095.BARBAKC583_0112","360095.BARBAKC583_0115",0.999,"atpA","atpC"
"360095.BARBAKC583_0112","360095.BARBAKC583_0114",0.999,"atpA","atpD"
"360095.BARBAKC583_0113","360095.BARBAKC583_0117",0.484,"RS00565","RS00585"
"360095.BARBAKC583_0113","360095.BARBAKC583_0116",0.511,"RS00565","RS00580"
"360095.BARBAKC583_0113","360095.BARBAKC583_0621",0.728,"RS00565","RS02995"
"360095.BARBAKC583_0113","360095.BARBAKC583_0676",0.729,"RS00565","rplN"
"360095.BARBAKC583_0113","360095.BARBAKC583_0493",0.736,"RS00565","rpsR"
"360095.BARBAKC583_0113","360095.BARBAKC583_0677",0.739,"RS00565","rplX"
"360095.BARBAKC583_0113","360095.BARBAKC583_0874",0.764,"RS00565","RS04285"
"360095.BARBAKC583_0113","360095.BARBAKC583_0411",0.77,"RS00565","RS01980"
"360095.BARBAKC583_0113","360095.BARBAKC583_0583",0.788,"RS00565","rpsB"
"360095.BARBAKC583_0113","360095.BARBAKC583_0780",0.872,"RS00565","RS03805"
"360095.BARBAKC583_0113","360095.BARBAKC583_0114",0.999,"RS00565","atpD"
"360095.BARBAKC583_0113","360095.BARBAKC583_0115",0.999,"RS00565","atpC"
"360095.BARBAKC583_0114","360095.BARBAKC583_1328",0.4,"atpD","dnaK"
"360095.BARBAKC583_0114","360095.BARBAKC583_1173",0.411,"atpD","groES"
"360095.BARBAKC583_0114","360095.BARBAKC583_1334",0.504,"atpD","grpE"
"360095.BARBAKC583_0114","360095.BARBAKC583_0586",0.52,"atpD","frr"
"360095.BARBAKC583_0114","360095.BARBAKC583_0117",0.529,"atpD","RS00585"
"360095.BARBAKC583_0114","360095.BARBAKC583_0116",0.559,"atpD","RS00580"
"360095.BARBAKC583_0114","360095.BARBAKC583_0780",0.567,"atpD","RS03805"
"360095.BARBAKC583_0114","360095.BARBAKC583_0411",0.572,"atpD","RS01980"
"360095.BARBAKC583_0114","360095.BARBAKC583_0677",0.62,"atpD","rplX"
"360095.BARBAKC583_0114","360095.BARBAKC583_0583",0.659,"atpD","rpsB"
"360095.BARBAKC583_0114","360095.BARBAKC583_0676",0.675,"atpD","rplN"
"360095.BARBAKC583_0114","360095.BARBAKC583_1172",0.686,"atpD","groL"
"360095.BARBAKC583_0114","360095.BARBAKC583_0874",0.775,"atpD","RS04285"
"360095.BARBAKC583_0114","360095.BARBAKC583_0115",0.999,"atpD","atpC"
"360095.BARBAKC583_0115","360095.BARBAKC583_0117",0.654,"atpC","RS00585"
"360095.BARBAKC583_0115","360095.BARBAKC583_0116",0.694,"atpC","RS00580"
"360095.BARBAKC583_0115","360095.BARBAKC583_0411",0.719,"atpC","RS01980"
"360095.BARBAKC583_0115","360095.BARBAKC583_0621",0.746,"atpC","RS02995"
"360095.BARBAKC583_0115","360095.BARBAKC583_0874",0.747,"atpC","RS04285"
"360095.BARBAKC583_0115","360095.BARBAKC583_0780",0.872,"atpC","RS03805"
"360095.BARBAKC583_0116","360095.BARBAKC583_1089",0.656,"RS00580","RS05285"
"360095.BARBAKC583_0116","360095.BARBAKC583_0117",0.964,"RS00580","RS00585"
"360095.BARBAKC583_0117","360095.BARBAKC583_0250",0.471,"RS00585","RS01230"
"360095.BARBAKC583_0117","360095.BARBAKC583_1089",0.877,"RS00585","RS05285"
"360095.BARBAKC583_0123","360095.BARBAKC583_0287",0.795,"RS00610","rpoH"
"360095.BARBAKC583_0123","360095.BARBAKC583_0467",0.887,"RS00610","rpoZ"
"360095.BARBAKC583_0129","360095.BARBAKC583_0676",0.401,"RS00640","rplN"
"360095.BARBAKC583_0129","360095.BARBAKC583_1046",0.405,"RS00640","rpmH"
"360095.BARBAKC583_0129","360095.BARBAKC583_0493",0.41,"RS00640","rpsR"
"360095.BARBAKC583_0129","360095.BARBAKC583_0583",0.447,"RS00640","rpsB"
"360095.BARBAKC583_0129","360095.BARBAKC583_0250",0.477,"RS00640","RS01230"
"360095.BARBAKC583_0186","360095.BARBAKC583_0187",0.645,"RS00910","RS00915"
"360095.BARBAKC583_0187","360095.BARBAKC583_1223",0.417,"RS00915","RS05960"
"360095.BARBAKC583_0187","360095.BARBAKC583_0314",0.73,"RS00915","RS01505"
"360095.BARBAKC583_0187","360095.BARBAKC583_0238",0.734,"RS00915","RS01175"
"360095.BARBAKC583_0187","360095.BARBAKC583_0230",0.768,"RS00915","RS01115"
"360095.BARBAKC583_0187","360095.BARBAKC583_0228",0.769,"RS00915","RS01105"
"360095.BARBAKC583_0212","360095.BARBAKC583_0213",0.51,"RS01050","yacG"
"360095.BARBAKC583_0213","360095.BARBAKC583_1035",0.556,"yacG","RS05020"
"360095.BARBAKC583_0213","360095.BARBAKC583_0870",0.647,"yacG","RS04265"
"360095.BARBAKC583_0216","360095.BARBAKC583_0250",0.485,"clpB","RS01230"
"360095.BARBAKC583_0216","360095.BARBAKC583_1172",0.621,"clpB","groL"
"360095.BARBAKC583_0216","360095.BARBAKC583_1173",0.646,"clpB","groES"
"360095.BARBAKC583_0216","360095.BARBAKC583_0548",0.658,"clpB","lon"
"360095.BARBAKC583_0216","360095.BARBAKC583_1327",0.7,"clpB","dnaJ"
"360095.BARBAKC583_0216","360095.BARBAKC583_0395",0.76,"clpB","RS01900"
"360095.BARBAKC583_0216","360095.BARBAKC583_1334",0.826,"clpB","grpE"
"360095.BARBAKC583_0216","360095.BARBAKC583_0614",0.832,"clpB","RS02960"
"360095.BARBAKC583_0216","360095.BARBAKC583_1328",0.956,"clpB","dnaK"
"360095.BARBAKC583_0228","360095.BARBAKC583_1223",0.41,"RS01105","RS05960"
"360095.BARBAKC583_0228","360095.BARBAKC583_0620",0.422,"RS01105","RS02990"
"360095.BARBAKC583_0228","360095.BARBAKC583_1213",0.581,"RS01105","RS05915"
"360095.BARBAKC583_0228","360095.BARBAKC583_1214",0.611,"RS01105","RS05920"
"360095.BARBAKC583_0228","360095.BARBAKC583_0238",0.754,"RS01105","RS01175"
"360095.BARBAKC583_0228","360095.BARBAKC583_0250",0.759,"RS01105","RS01230"
"360095.BARBAKC583_0228","360095.BARBAKC583_0314",0.765,"RS01105","RS01505"
"360095.BARBAKC583_0228","360095.BARBAKC583_0230",0.791,"RS01105","RS01115"
"360095.BARBAKC583_0229","360095.BARBAKC583_0230",0.411,"RS01110","RS01115"
"360095.BARBAKC583_0230","360095.BARBAKC583_0620",0.436,"RS01115","RS02990"
"360095.BARBAKC583_0230","360095.BARBAKC583_1213",0.56,"RS01115","RS05915"
"360095.BARBAKC583_0230","360095.BARBAKC583_1214",0.59,"RS01115","RS05920"
"360095.BARBAKC583_0230","360095.BARBAKC583_0314",0.758,"RS01115","RS01505"
"360095.BARBAKC583_0230","360095.BARBAKC583_0238",0.803,"RS01115","RS01175"
"360095.BARBAKC583_0233","360095.BARBAKC583_0238",0.773,"RS01140","RS01175"
"360095.BARBAKC583_0233","360095.BARBAKC583_0234",0.775,"RS01140","RS07170"
"360095.BARBAKC583_0233","360095.BARBAKC583_0235",0.787,"RS01140","RS01155"
"360095.BARBAKC583_0234","360095.BARBAKC583_0238",0.773,"RS07170","RS01175"
"360095.BARBAKC583_0234","360095.BARBAKC583_0235",0.781,"RS07170","RS01155"
"360095.BARBAKC583_0235","360095.BARBAKC583_0238",0.774,"RS01155","RS01175"
"360095.BARBAKC583_0238","360095.BARBAKC583_0314",0.659,"RS01175","RS01505"
"360095.BARBAKC583_0250","360095.BARBAKC583_1117",0.406,"RS01230","flgD"
"360095.BARBAKC583_0250","360095.BARBAKC583_0850",0.414,"RS01230","RS04165"
"360095.BARBAKC583_0250","360095.BARBAKC583_1327",0.415,"RS01230","dnaJ"
"360095.BARBAKC583_0250","360095.BARBAKC583_1334",0.424,"RS01230","grpE"
"360095.BARBAKC583_0250","360095.BARBAKC583_0962",0.426,"RS01230","RS04650"
"360095.BARBAKC583_0250","360095.BARBAKC583_1248",0.426,"RS01230","RS06075"
"360095.BARBAKC583_0250","360095.BARBAKC583_1173",0.435,"RS01230","groES"
"360095.BARBAKC583_0250","360095.BARBAKC583_0456",0.44,"RS01230","RS02205"
"360095.BARBAKC583_0250","360095.BARBAKC583_0342",0.442,"RS01230","RS01640"
"360095.BARBAKC583_0250","360095.BARBAKC583_1328",0.449,"RS01230","dnaK"
"360095.BARBAKC583_0250","360095.BARBAKC583_0548",0.457,"RS01230","lon"
"360095.BARBAKC583_0250","360095.BARBAKC583_0621",0.476,"RS01230","RS02995"
"360095.BARBAKC583_0250","360095.BARBAKC583_0287",0.48,"RS01230","rpoH"
"360095.BARBAKC583_0250","360095.BARBAKC583_1140",0.481,"RS01230","flgA"
"360095.BARBAKC583_0250","360095.BARBAKC583_0395",0.495,"RS01230","RS01900"
"360095.BARBAKC583_0250","360095.BARBAKC583_0337",0.503,"RS01230","RS01625"
"360095.BARBAKC583_0250","360095.BARBAKC583_1172",0.521,"RS01230","groL"
"360095.BARBAKC583_0250","360095.BARBAKC583_1040",0.545,"RS01230","RS05045"
"360095.BARBAKC583_0250","360095.BARBAKC583_1144",0.579,"RS01230","flgB"
"360095.BARBAKC583_0250","360095.BARBAKC583_0468",0.579,"RS01230","RS02255"
"360095.BARBAKC583_0250","360095.BARBAKC583_1142",0.58,"RS01230","fliE"
"360095.BARBAKC583_0250","360095.BARBAKC583_0306",0.6,"RS01230","RS01470"
"360095.BARBAKC583_0250","360095.BARBAKC583_1151",0.661,"RS01230","fliN"
"360095.BARBAKC583_0250","360095.BARBAKC583_1145",0.754,"RS01230","RS05600"
"360095.BARBAKC583_0250","360095.BARBAKC583_1152",0.758,"RS01230","RS05635"
"360095.BARBAKC583_0250","360095.BARBAKC583_0467",0.871,"RS01230","rpoZ"
"360095.BARBAKC583_0250","360095.BARBAKC583_1149",0.971,"RS01230","RS05620"
"360095.BARBAKC583_0273","360095.BARBAKC583_0274",0.482,"RS01325","RS01330"
"360095.BARBAKC583_0273","360095.BARBAKC583_0275",0.576,"RS01325","RS01335"
"360095.BARBAKC583_0274","360095.BARBAKC583_0275",0.791,"RS01330","RS01335"
"360095.BARBAKC583_0276","360095.BARBAKC583_0277",0.934,"RS01340","RS01345"
"360095.BARBAKC583_0278","360095.BARBAKC583_0279",0.774,"RS01350","RS01355"
"360095.BARBAKC583_0287","360095.BARBAKC583_1327",0.496,"rpoH","dnaJ"
"360095.BARBAKC583_0287","360095.BARBAKC583_0395",0.496,"rpoH","RS01900"
"360095.BARBAKC583_0287","360095.BARBAKC583_1172",0.59,"rpoH","groL"
"360095.BARBAKC583_0287","360095.BARBAKC583_1050",0.744,"rpoH","RS05100"
"360095.BARBAKC583_0287","360095.BARBAKC583_1328",0.845,"rpoH","dnaK"
"360095.BARBAKC583_0287","360095.BARBAKC583_0467",0.872,"rpoH","rpoZ"
"360095.BARBAKC583_0311","360095.BARBAKC583_0312",0.67,"RS07145","RS01500"
"360095.BARBAKC583_0314","360095.BARBAKC583_1214",0.475,"RS01505","RS05920"
"360095.BARBAKC583_0314","360095.BARBAKC583_1223",0.549,"RS01505","RS05960"
"360095.BARBAKC583_0314","360095.BARBAKC583_0315",0.667,"RS01505","RS01510"
"360095.BARBAKC583_0323","360095.BARBAKC583_1213",0.411,"RS01555","RS05915"
"360095.BARBAKC583_0337","360095.BARBAKC583_1141",0.42,"RS01625","flgG"
"360095.BARBAKC583_0337","360095.BARBAKC583_1146",0.42,"RS01625","flgF"
"360095.BARBAKC583_0337","360095.BARBAKC583_1142",0.471,"RS01625","fliE"
"360095.BARBAKC583_0337","360095.BARBAKC583_1145",0.493,"RS01625","RS05600"
"360095.BARBAKC583_0337","360095.BARBAKC583_1136",0.528,"RS01625","RS05555"
"360095.BARBAKC583_0337","360095.BARBAKC583_1117",0.547,"RS01625","flgD"
"360095.BARBAKC583_0337","360095.BARBAKC583_1135",0.557,"RS01625","fliP"
"360095.BARBAKC583_0337","360095.BARBAKC583_1121",0.586,"RS01625","flgK"
"360095.BARBAKC583_0337","360095.BARBAKC583_1151",0.597,"RS01625","fliN"
"360095.BARBAKC583_0337","360095.BARBAKC583_1143",0.599,"RS01625","flgC"
"360095.BARBAKC583_0337","360095.BARBAKC583_1144",0.6,"RS01625","flgB"
"360095.BARBAKC583_0337","360095.BARBAKC583_1148",0.61,"RS01625","motA"
"360095.BARBAKC583_0337","360095.BARBAKC583_1152",0.672,"RS01625","RS05635"
"360095.BARBAKC583_0337","360095.BARBAKC583_1160",0.679,"RS01625","flhA"
"360095.BARBAKC583_0337","360095.BARBAKC583_1149",0.68,"RS01625","RS05620"
"360095.BARBAKC583_0342","360095.BARBAKC583_1049",0.465,"RS01640","yihA"
"360095.BARBAKC583_0342","360095.BARBAKC583_1172",0.513,"RS01640","groL"
"360095.BARBAKC583_0395","360095.BARBAKC583_0583",0.542,"RS01900","rpsB"
"360095.BARBAKC583_0395","360095.BARBAKC583_0677",0.543,"RS01900","rplX"
"360095.BARBAKC583_0395","360095.BARBAKC583_0614",0.597,"RS01900","RS02960"
"360095.BARBAKC583_0395","360095.BARBAKC583_0411",0.599,"RS01900","RS01980"
"360095.BARBAKC583_0395","360095.BARBAKC583_0676",0.67,"RS01900","rplN"
"360095.BARBAKC583_0395","360095.BARBAKC583_1173",0.679,"RS01900","groES"
"360095.BARBAKC583_0395","360095.BARBAKC583_0621",0.68,"RS01900","RS02995"
"360095.BARBAKC583_0395","360095.BARBAKC583_1049",0.744,"RS01900","yihA"
"360095.BARBAKC583_0395","360095.BARBAKC583_0874",0.75,"RS01900","RS04285"
"360095.BARBAKC583_0395","360095.BARBAKC583_1172",0.797,"RS01900","groL"
"360095.BARBAKC583_0395","360095.BARBAKC583_0548",0.816,"RS01900","lon"
"360095.BARBAKC583_0395","360095.BARBAKC583_1334",0.951,"RS01900","grpE"
"360095.BARBAKC583_0395","360095.BARBAKC583_1328",0.999,"RS01900","dnaK"
"360095.BARBAKC583_0403","360095.BARBAKC583_0534",0.412,"tldD","pdhA"
"360095.BARBAKC583_0403","360095.BARBAKC583_1311",0.434,"tldD","RS06380"
"360095.BARBAKC583_0403","360095.BARBAKC583_1208",0.878,"tldD","RS05890"
"360095.BARBAKC583_0411","360095.BARBAKC583_1327",0.599,"RS01980","dnaJ"
"360095.BARBAKC583_0411","360095.BARBAKC583_0621",0.787,"RS01980","RS02995"
"360095.BARBAKC583_0411","360095.BARBAKC583_0780",0.93,"RS01980","RS03805"
"360095.BARBAKC583_0424","360095.BARBAKC583_0890",0.472,"RS02035","RS04340"
"360095.BARBAKC583_0427","360095.BARBAKC583_0780",0.471,"RS02055","RS03805"
"360095.BARBAKC583_0427","360095.BARBAKC583_0428",0.723,"RS02055","RS02060"
"360095.BARBAKC583_0428","360095.BARBAKC583_0780",0.471,"RS02060","RS03805"
"360095.BARBAKC583_0439","360095.BARBAKC583_1328",0.483,"pepN","dnaK"
"360095.BARBAKC583_0439","360095.BARBAKC583_1264",0.938,"pepN","RS06160"
"360095.BARBAKC583_0445","360095.BARBAKC583_1093",0.613,"RS02145","alr"
"360095.BARBAKC583_0445","360095.BARBAKC583_0446",0.811,"RS02145","thiC"
"360095.BARBAKC583_0455","360095.BARBAKC583_0458",0.988,"RS02200","RS02215"
"360095.BARBAKC583_0455","360095.BARBAKC583_0457",0.995,"RS02200","RS02210"
"360095.BARBAKC583_0455","360095.BARBAKC583_0456",0.998,"RS02200","RS02205"
"360095.BARBAKC583_0456","360095.BARBAKC583_1113",0.415,"RS02205","RS05405"
"360095.BARBAKC583_0456","360095.BARBAKC583_1112",0.464,"RS02205","RS05400"
"360095.BARBAKC583_0456","360095.BARBAKC583_1135",0.668,"RS02205","fliP"
"360095.BARBAKC583_0456","360095.BARBAKC583_0458",0.959,"RS02205","RS02215"
"360095.BARBAKC583_0456","360095.BARBAKC583_0457",0.998,"RS02205","RS02210"
"360095.BARBAKC583_0457","360095.BARBAKC583_0458",0.994,"RS02210","RS02215"
"360095.BARBAKC583_0463","360095.BARBAKC583_0465",0.411,"RS07045","smpB"
"360095.BARBAKC583_0463","360095.BARBAKC583_0464",0.437,"RS07045","dapA"
"360095.BARBAKC583_0464","360095.BARBAKC583_0465",0.74,"dapA","smpB"
"360095.BARBAKC583_0465","360095.BARBAKC583_0586",0.425,"smpB","frr"
"360095.BARBAKC583_0465","360095.BARBAKC583_1359",0.522,"smpB","RS06615"
"360095.BARBAKC583_0465","360095.BARBAKC583_0677",0.769,"smpB","rplX"
"360095.BARBAKC583_0465","360095.BARBAKC583_0676",0.786,"smpB","rplN"
"360095.BARBAKC583_0465","360095.BARBAKC583_1046",0.866,"smpB","rpmH"
"360095.BARBAKC583_0465","360095.BARBAKC583_0493",0.884,"smpB","rpsR"
"360095.BARBAKC583_0465","360095.BARBAKC583_0583",0.923,"smpB","rpsB"
"360095.BARBAKC583_0467","360095.BARBAKC583_0874",0.609,"rpoZ","RS04285"
"360095.BARBAKC583_0467","360095.BARBAKC583_0579",0.611,"rpoZ","RS02785"
"360095.BARBAKC583_0467","360095.BARBAKC583_0977",0.622,"rpoZ","RS04720"
"360095.BARBAKC583_0467","360095.BARBAKC583_0493",0.643,"rpoZ","rpsR"
"360095.BARBAKC583_0467","360095.BARBAKC583_1046",0.706,"rpoZ","rpmH"
"360095.BARBAKC583_0467","360095.BARBAKC583_1206",0.713,"rpoZ","RS05880"
"360095.BARBAKC583_0467","360095.BARBAKC583_0468",0.76,"rpoZ","RS02255"
"360095.BARBAKC583_0467","360095.BARBAKC583_0676",0.818,"rpoZ","rplN"
"360095.BARBAKC583_0467","360095.BARBAKC583_0677",0.843,"rpoZ","rplX"
"360095.BARBAKC583_0467","360095.BARBAKC583_1050",0.889,"rpoZ","RS05100"
"360095.BARBAKC583_0467","360095.BARBAKC583_0984",0.928,"rpoZ","greA"
"360095.BARBAKC583_0467","360095.BARBAKC583_0583",0.962,"rpoZ","rpsB"
"360095.BARBAKC583_0468","360095.BARBAKC583_0621",0.666,"RS02255","RS02995"
"360095.BARBAKC583_0468","360095.BARBAKC583_0676",0.767,"RS02255","rplN"
"360095.BARBAKC583_0468","360095.BARBAKC583_0677",0.769,"RS02255","rplX"
"360095.BARBAKC583_0468","360095.BARBAKC583_0583",0.867,"RS02255","rpsB"
"360095.BARBAKC583_0468","360095.BARBAKC583_0493",0.867,"RS02255","rpsR"
"360095.BARBAKC583_0468","360095.BARBAKC583_1046",0.867,"RS02255","rpmH"
"360095.BARBAKC583_0493","360095.BARBAKC583_1213",0.405,"rpsR","RS05915"
"360095.BARBAKC583_0493","360095.BARBAKC583_1214",0.405,"rpsR","RS05920"
"360095.BARBAKC583_0493","360095.BARBAKC583_1359",0.598,"rpsR","RS06615"
"360095.BARBAKC583_0493","360095.BARBAKC583_0586",0.91,"rpsR","frr"
"360095.BARBAKC583_0493","360095.BARBAKC583_0677",0.948,"rpsR","rplX"
"360095.BARBAKC583_0493","360095.BARBAKC583_0676",0.951,"rpsR","rplN"
"360095.BARBAKC583_0493","360095.BARBAKC583_1046",0.973,"rpsR","rpmH"
"360095.BARBAKC583_0493","360095.BARBAKC583_0583",0.991,"rpsR","rpsB"
"360095.BARBAKC583_0519","360095.BARBAKC583_1212",0.439,"serS","ileS"
"360095.BARBAKC583_0519","360095.BARBAKC583_0583",0.469,"serS","rpsB"
"360095.BARBAKC583_0519","360095.BARBAKC583_1172",0.486,"serS","groL"
"360095.BARBAKC583_0519","360095.BARBAKC583_0621",0.78,"serS","RS02995"
"360095.BARBAKC583_0534","360095.BARBAKC583_1311",0.465,"pdhA","RS06380"
"360095.BARBAKC583_0534","360095.BARBAKC583_1327",0.679,"pdhA","dnaJ"
"360095.BARBAKC583_0548","360095.BARBAKC583_1097",0.412,"lon","RS05330"
"360095.BARBAKC583_0548","360095.BARBAKC583_1173",0.518,"lon","groES"
"360095.BARBAKC583_0548","360095.BARBAKC583_0614",0.528,"lon","RS02960"
"360095.BARBAKC583_0548","360095.BARBAKC583_1327",0.735,"lon","dnaJ"
"360095.BARBAKC583_0548","360095.BARBAKC583_1328",0.746,"lon","dnaK"
"360095.BARBAKC583_0548","360095.BARBAKC583_1172",0.832,"lon","groL"
"360095.BARBAKC583_0548","360095.BARBAKC583_1334",0.839,"lon","grpE"
"360095.BARBAKC583_0579","360095.BARBAKC583_1121",0.456,"RS02785","flgK"
"360095.BARBAKC583_0579","360095.BARBAKC583_1152",0.456,"RS02785","RS05635"
"360095.BARBAKC583_0579","360095.BARBAKC583_1149",0.456,"RS02785","RS05620"
"360095.BARBAKC583_0579","360095.BARBAKC583_0874",0.488,"RS02785","RS04285"
"360095.BARBAKC583_0579","360095.BARBAKC583_0581",0.642,"RS02785","RS02790"
"360095.BARBAKC583_0583","360095.BARBAKC583_1214",0.405,"rpsB","RS05920"
"360095.BARBAKC583_0583","360095.BARBAKC583_1213",0.405,"rpsB","RS05915"
"360095.BARBAKC583_0583","360095.BARBAKC583_0874",0.454,"rpsB","RS04285"
"360095.BARBAKC583_0583","360095.BARBAKC583_0977",0.499,"rpsB","RS04720"
"360095.BARBAKC583_0583","360095.BARBAKC583_1327",0.542,"rpsB","dnaJ"
"360095.BARBAKC583_0583","360095.BARBAKC583_1359",0.555,"rpsB","RS06615"
"360095.BARBAKC583_0583","360095.BARBAKC583_1172",0.604,"rpsB","groL"
"360095.BARBAKC583_0583","360095.BARBAKC583_1328",0.835,"rpsB","dnaK"
"360095.BARBAKC583_0583","360095.BARBAKC583_1046",0.932,"rpsB","rpmH"
"360095.BARBAKC583_0583","360095.BARBAKC583_0676",0.953,"rpsB","rplN"
"360095.BARBAKC583_0583","360095.BARBAKC583_0677",0.954,"rpsB","rplX"
"360095.BARBAKC583_0583","360095.BARBAKC583_0586",0.991,"rpsB","frr"
"360095.BARBAKC583_0586","360095.BARBAKC583_1212",0.423,"frr","ileS"
"360095.BARBAKC583_0586","360095.BARBAKC583_1359",0.691,"frr","RS06615"
"360095.BARBAKC583_0586","360095.BARBAKC583_0677",0.804,"frr","rplX"
"360095.BARBAKC583_0586","360095.BARBAKC583_0676",0.842,"frr","rplN"
"360095.BARBAKC583_0586","360095.BARBAKC583_1046",0.856,"frr","rpmH"
"360095.BARBAKC583_0614","360095.BARBAKC583_1173",0.409,"RS02960","groES"
"360095.BARBAKC583_0614","360095.BARBAKC583_1219",0.424,"RS02960","RS05940"
"360095.BARBAKC583_0614","360095.BARBAKC583_1327",0.45,"RS02960","dnaJ"
"360095.BARBAKC583_0614","360095.BARBAKC583_1334",0.674,"RS02960","grpE"
"360095.BARBAKC583_0614","360095.BARBAKC583_1328",0.743,"RS02960","dnaK"
"360095.BARBAKC583_0619","360095.BARBAKC583_1268",0.765,"RS02985","fabA"
"360095.BARBAKC583_0619","360095.BARBAKC583_0620",0.913,"RS02985","RS02990"
"360095.BARBAKC583_0619","360095.BARBAKC583_1269",0.922,"RS02985","fabB"
"360095.BARBAKC583_0619","360095.BARBAKC583_1270",0.952,"RS02985","fabI"
"360095.BARBAKC583_0619","360095.BARBAKC583_0621",0.971,"RS02985","RS02995"
"360095.BARBAKC583_0620","360095.BARBAKC583_1270",0.54,"RS02990","fabI"
"360095.BARBAKC583_0620","360095.BARBAKC583_1213",0.615,"RS02990","RS05915"
"360095.BARBAKC583_0620","360095.BARBAKC583_1214",0.66,"RS02990","RS05920"
"360095.BARBAKC583_0620","360095.BARBAKC583_1268",0.689,"RS02990","fabA"
"360095.BARBAKC583_0620","360095.BARBAKC583_0621",0.984,"RS02990","RS02995"
"360095.BARBAKC583_0621","360095.BARBAKC583_1173",0.42,"RS02995","groES"
"360095.BARBAKC583_0621","360095.BARBAKC583_0874",0.534,"RS02995","RS04285"
"360095.BARBAKC583_0621","360095.BARBAKC583_1270",0.599,"RS02995","fabI"
"360095.BARBAKC583_0621","360095.BARBAKC583_1327",0.68,"RS02995","dnaJ"
"360095.BARBAKC583_0621","360095.BARBAKC583_1269",0.698,"RS02995","fabB"
"360095.BARBAKC583_0621","360095.BARBAKC583_0676",0.702,"RS02995","rplN"
"360095.BARBAKC583_0621","360095.BARBAKC583_1049",0.759,"RS02995","yihA"
"360095.BARBAKC583_0621","360095.BARBAKC583_1268",0.764,"RS02995","fabA"
"360095.BARBAKC583_0621","360095.BARBAKC583_0677",0.789,"RS02995","rplX"
"360095.BARBAKC583_0621","360095.BARBAKC583_0780",0.967,"RS02995","RS03805"
"360095.BARBAKC583_0676","360095.BARBAKC583_1359",0.487,"rplN","RS06615"
"360095.BARBAKC583_0676","360095.BARBAKC583_1219",0.545,"rplN","RS05940"
"360095.BARBAKC583_0676","360095.BARBAKC583_1328",0.645,"rplN","dnaK"
"360095.BARBAKC583_0676","360095.BARBAKC583_1327",0.67,"rplN","dnaJ"
"360095.BARBAKC583_0676","360095.BARBAKC583_0874",0.68,"rplN","RS04285"
"360095.BARBAKC583_0676","360095.BARBAKC583_1049",0.76,"rplN","yihA"
"360095.BARBAKC583_0676","360095.BARBAKC583_1046",0.902,"rplN","rpmH"
"360095.BARBAKC583_0676","360095.BARBAKC583_0677",0.985,"rplN","rplX"
"360095.BARBAKC583_0677","360095.BARBAKC583_0977",0.404,"rplX","RS04720"
"360095.BARBAKC583_0677","360095.BARBAKC583_1328",0.539,"rplX","dnaK"
"360095.BARBAKC583_0677","360095.BARBAKC583_1327",0.543,"rplX","dnaJ"
"360095.BARBAKC583_0677","360095.BARBAKC583_1219",0.599,"rplX","RS05940"
"360095.BARBAKC583_0677","360095.BARBAKC583_0874",0.749,"rplX","RS04285"
"360095.BARBAKC583_0677","360095.BARBAKC583_1359",0.753,"rplX","RS06615"
"360095.BARBAKC583_0677","360095.BARBAKC583_1049",0.757,"rplX","yihA"
"360095.BARBAKC583_0677","360095.BARBAKC583_1046",0.915,"rplX","rpmH"
"360095.BARBAKC583_0751","360095.BARBAKC583_1328",0.557,"RS03655","dnaK"
"360095.BARBAKC583_0780","360095.BARBAKC583_1332",0.471,"RS03805","RS06475"
"360095.BARBAKC583_0780","360095.BARBAKC583_1173",0.605,"RS03805","groES"
"360095.BARBAKC583_0842","360095.BARBAKC583_1138",0.421,"dprA","RS06990"
"360095.BARBAKC583_0842","360095.BARBAKC583_1135",0.554,"dprA","fliP"
"360095.BARBAKC583_0842","360095.BARBAKC583_1345",0.79,"dprA","RS06540"
"360095.BARBAKC583_0870","360095.BARBAKC583_0987",0.4,"RS04265","RS04775"
"360095.BARBAKC583_0870","360095.BARBAKC583_1214",0.672,"RS04265","RS05920"
"360095.BARBAKC583_0870","360095.BARBAKC583_1213",0.696,"RS04265","RS05915"
"360095.BARBAKC583_0870","360095.BARBAKC583_1035",0.703,"RS04265","RS05020"
"360095.BARBAKC583_0874","360095.BARBAKC583_0977",0.45,"RS04285","RS04720"
"360095.BARBAKC583_0874","360095.BARBAKC583_1049",0.487,"RS04285","yihA"
"360095.BARBAKC583_0874","360095.BARBAKC583_1327",0.492,"RS04285","dnaJ"
"360095.BARBAKC583_0874","360095.BARBAKC583_1219",0.676,"RS04285","RS05940"
"360095.BARBAKC583_0970","360095.BARBAKC583_1223",0.414,"RS04690","RS05960"
"360095.BARBAKC583_0987","360095.BARBAKC583_1213",0.571,"RS04775","RS05915"
"360095.BARBAKC583_0987","360095.BARBAKC583_1214",0.593,"RS04775","RS05920"
"360095.BARBAKC583_0987","360095.BARBAKC583_1035",0.752,"RS04775","RS05020"
"360095.BARBAKC583_1009","360095.BARBAKC583_1350",0.521,"RS04870","RS06570"
"360095.BARBAKC583_1009","360095.BARBAKC583_1248",0.639,"RS04870","RS06075"
"360095.BARBAKC583_1035","360095.BARBAKC583_1142",0.431,"RS05020","fliE"
"360095.BARBAKC583_1035","360095.BARBAKC583_1155",0.439,"RS05020","RS05650"
"360095.BARBAKC583_1035","360095.BARBAKC583_1138",0.443,"RS05020","RS06990"
"360095.BARBAKC583_1035","360095.BARBAKC583_1214",0.469,"RS05020","RS05920"
"360095.BARBAKC583_1035","360095.BARBAKC583_1136",0.473,"RS05020","RS05555"
"360095.BARBAKC583_1035","360095.BARBAKC583_1213",0.5,"RS05020","RS05915"
"360095.BARBAKC583_1035","360095.BARBAKC583_1154",0.603,"RS05020","RS05645"
"360095.BARBAKC583_1040","360095.BARBAKC583_1116",0.609,"RS05045","fliQ"
"360095.BARBAKC583_1040","360095.BARBAKC583_1332",0.652,"RS05045","RS06475"
"360095.BARBAKC583_1040","360095.BARBAKC583_1160",0.701,"RS05045","flhA"
"360095.BARBAKC583_1040","360095.BARBAKC583_1154",0.703,"RS05045","RS05645"
"360095.BARBAKC583_1040","360095.BARBAKC583_1155",0.74,"RS05045","RS05650"
"360095.BARBAKC583_1040","360095.BARBAKC583_1172",0.748,"RS05045","groL"
"360095.BARBAKC583_1040","360095.BARBAKC583_1146",0.757,"RS05045","flgF"
"360095.BARBAKC583_1040","360095.BARBAKC583_1153",0.76,"RS05045","flhB"
"360095.BARBAKC583_1040","360095.BARBAKC583_1141",0.767,"RS05045","flgG"
"360095.BARBAKC583_1040","360095.BARBAKC583_1151",0.785,"RS05045","fliN"
"360095.BARBAKC583_1040","360095.BARBAKC583_1135",0.798,"RS05045","fliP"
"360095.BARBAKC583_1040","360095.BARBAKC583_1149",0.827,"RS05045","RS05620"
"360095.BARBAKC583_1040","360095.BARBAKC583_1139",0.841,"RS05045","RS05570"
"360095.BARBAKC583_1040","360095.BARBAKC583_1138",0.843,"RS05045","RS06990"
"360095.BARBAKC583_1040","360095.BARBAKC583_1152",0.846,"RS05045","RS05635"
"360095.BARBAKC583_1040","360095.BARBAKC583_1145",0.852,"RS05045","RS05600"
"360095.BARBAKC583_1040","360095.BARBAKC583_1143",0.877,"RS05045","flgC"
"360095.BARBAKC583_1040","360095.BARBAKC583_1117",0.9,"RS05045","flgD"
"360095.BARBAKC583_1040","360095.BARBAKC583_1140",0.9,"RS05045","flgA"
"360095.BARBAKC583_1040","360095.BARBAKC583_1136",0.911,"RS05045","RS05555"
"360095.BARBAKC583_1040","360095.BARBAKC583_1148",0.921,"RS05045","motA"
"360095.BARBAKC583_1040","360095.BARBAKC583_1142",0.938,"RS05045","fliE"
"360095.BARBAKC583_1040","360095.BARBAKC583_1137",0.943,"RS05045","flgH"
"360095.BARBAKC583_1040","360095.BARBAKC583_1121",0.975,"RS05045","flgK"
"360095.BARBAKC583_1040","360095.BARBAKC583_1144",0.977,"RS05045","flgB"
"360095.BARBAKC583_1046","360095.BARBAKC583_1214",0.405,"rpmH","RS05920"
"360095.BARBAKC583_1046","360095.BARBAKC583_1213",0.405,"rpmH","RS05915"
"360095.BARBAKC583_1046","360095.BARBAKC583_1049",0.518,"rpmH","yihA"
"360095.BARBAKC583_1046","360095.BARBAKC583_1359",0.58,"rpmH","RS06615"
"360095.BARBAKC583_1049","360095.BARBAKC583_1050",0.486,"yihA","RS05100"
"360095.BARBAKC583_1049","360095.BARBAKC583_1327",0.744,"yihA","dnaJ"
"360095.BARBAKC583_1050","360095.BARBAKC583_1172",0.42,"RS05100","groL"
"360095.BARBAKC583_1050","360095.BARBAKC583_1328",0.59,"RS05100","dnaK"
"360095.BARBAKC583_1050","360095.BARBAKC583_1212",0.618,"RS05100","ileS"
"360095.BARBAKC583_1097","360095.BARBAKC583_1098",0.779,"RS05330","RS06865"
"360095.BARBAKC583_1103","360095.BARBAKC583_1104",0.999,"RS05350","RS05355"
"360095.BARBAKC583_1104","360095.BARBAKC583_1146",0.51,"RS05355","flgF"
"360095.BARBAKC583_1112","360095.BARBAKC583_1146",0.51,"RS05400","flgF"
"360095.BARBAKC583_1112","360095.BARBAKC583_1113",0.997,"RS05400","RS05405"
"360095.BARBAKC583_1116","360095.BARBAKC583_1146",0.88,"fliQ","flgF"
"360095.BARBAKC583_1116","360095.BARBAKC583_1140",0.887,"fliQ","flgA"
"360095.BARBAKC583_1116","360095.BARBAKC583_1138",0.9,"fliQ","RS06990"
"360095.BARBAKC583_1116","360095.BARBAKC583_1148",0.918,"fliQ","motA"
"360095.BARBAKC583_1116","360095.BARBAKC583_1149",0.93,"fliQ","RS05620"
"360095.BARBAKC583_1116","360095.BARBAKC583_1136",0.93,"fliQ","RS05555"
"360095.BARBAKC583_1116","360095.BARBAKC583_1151",0.949,"fliQ","fliN"
"360095.BARBAKC583_1116","360095.BARBAKC583_1152",0.952,"fliQ","RS05635"
"360095.BARBAKC583_1116","360095.BARBAKC583_1139",0.969,"fliQ","RS05570"
"360095.BARBAKC583_1116","360095.BARBAKC583_1142",0.973,"fliQ","fliE"
"360095.BARBAKC583_1116","360095.BARBAKC583_1141",0.975,"fliQ","flgG"
"360095.BARBAKC583_1116","360095.BARBAKC583_1145",0.98,"fliQ","RS05600"
"360095.BARBAKC583_1116","360095.BARBAKC583_1121",0.982,"fliQ","flgK"
"360095.BARBAKC583_1116","360095.BARBAKC583_1160",0.983,"fliQ","flhA"
"360095.BARBAKC583_1116","360095.BARBAKC583_1137",0.986,"fliQ","flgH"
"360095.BARBAKC583_1116","360095.BARBAKC583_1144",0.988,"fliQ","flgB"
"360095.BARBAKC583_1116","360095.BARBAKC583_1143",0.992,"fliQ","flgC"
"360095.BARBAKC583_1116","360095.BARBAKC583_1117",0.996,"fliQ","flgD"
"360095.BARBAKC583_1116","360095.BARBAKC583_1153",0.996,"fliQ","flhB"
"360095.BARBAKC583_1116","360095.BARBAKC583_1135",0.998,"fliQ","fliP"
"360095.BARBAKC583_1117","360095.BARBAKC583_1138",0.855,"flgD","RS06990"
"360095.BARBAKC583_1117","360095.BARBAKC583_1148",0.857,"flgD","motA"
"360095.BARBAKC583_1117","360095.BARBAKC583_1140",0.907,"flgD","flgA"
"360095.BARBAKC583_1117","360095.BARBAKC583_1149",0.93,"flgD","RS05620"
"360095.BARBAKC583_1117","360095.BARBAKC583_1152",0.939,"flgD","RS05635"
"360095.BARBAKC583_1117","360095.BARBAKC583_1136",0.94,"flgD","RS05555"
"360095.BARBAKC583_1117","360095.BARBAKC583_1151",0.967,"flgD","fliN"
"360095.BARBAKC583_1117","360095.BARBAKC583_1146",0.967,"flgD","flgF"
"360095.BARBAKC583_1117","360095.BARBAKC583_1160",0.978,"flgD","flhA"
"360095.BARBAKC583_1117","360095.BARBAKC583_1153",0.979,"flgD","flhB"
"360095.BARBAKC583_1117","360095.BARBAKC583_1145",0.983,"flgD","RS05600"
"360095.BARBAKC583_1117","360095.BARBAKC583_1137",0.987,"flgD","flgH"
"360095.BARBAKC583_1117","360095.BARBAKC583_1139",0.987,"flgD","RS05570"
"360095.BARBAKC583_1117","360095.BARBAKC583_1135",0.988,"flgD","fliP"
"360095.BARBAKC583_1117","360095.BARBAKC583_1142",0.993,"flgD","fliE"
"360095.BARBAKC583_1117","360095.BARBAKC583_1141",0.993,"flgD","flgG"
"360095.BARBAKC583_1117","360095.BARBAKC583_1121",0.994,"flgD","flgK"
"360095.BARBAKC583_1117","360095.BARBAKC583_1143",0.996,"flgD","flgC"
"360095.BARBAKC583_1117","360095.BARBAKC583_1144",0.996,"flgD","flgB"
"360095.BARBAKC583_1121","360095.BARBAKC583_1154",0.677,"flgK","RS05645"
"360095.BARBAKC583_1121","360095.BARBAKC583_1155",0.761,"flgK","RS05650"
"360095.BARBAKC583_1121","360095.BARBAKC583_1149",0.941,"flgK","RS05620"
"360095.BARBAKC583_1121","360095.BARBAKC583_1146",0.942,"flgK","flgF"
"360095.BARBAKC583_1121","360095.BARBAKC583_1152",0.947,"flgK","RS05635"
"360095.BARBAKC583_1121","360095.BARBAKC583_1153",0.954,"flgK","flhB"
"360095.BARBAKC583_1121","360095.BARBAKC583_1138",0.956,"flgK","RS06990"
"360095.BARBAKC583_1121","360095.BARBAKC583_1151",0.967,"flgK","fliN"
"360095.BARBAKC583_1121","360095.BARBAKC583_1160",0.969,"flgK","flhA"
"360095.BARBAKC583_1121","360095.BARBAKC583_1135",0.972,"flgK","fliP"
"360095.BARBAKC583_1121","360095.BARBAKC583_1140",0.974,"flgK","flgA"
"360095.BARBAKC583_1121","360095.BARBAKC583_1148",0.975,"flgK","motA"
"360095.BARBAKC583_1121","360095.BARBAKC583_1136",0.976,"flgK","RS05555"
"360095.BARBAKC583_1121","360095.BARBAKC583_1145",0.978,"flgK","RS05600"
"360095.BARBAKC583_1121","360095.BARBAKC583_1139",0.979,"flgK","RS05570"
"360095.BARBAKC583_1121","360095.BARBAKC583_1141",0.986,"flgK","flgG"
"360095.BARBAKC583_1121","360095.BARBAKC583_1143",0.988,"flgK","flgC"
"360095.BARBAKC583_1121","360095.BARBAKC583_1137",0.991,"flgK","flgH"
"360095.BARBAKC583_1121","360095.BARBAKC583_1142",0.994,"flgK","fliE"
"360095.BARBAKC583_1121","360095.BARBAKC583_1144",0.994,"flgK","flgB"
"360095.BARBAKC583_1135","360095.BARBAKC583_1148",0.909,"fliP","motA"
"360095.BARBAKC583_1135","360095.BARBAKC583_1149",0.925,"fliP","RS05620"
"360095.BARBAKC583_1135","360095.BARBAKC583_1146",0.934,"fliP","flgF"
"360095.BARBAKC583_1135","360095.BARBAKC583_1138",0.939,"fliP","RS06990"
"360095.BARBAKC583_1135","360095.BARBAKC583_1140",0.944,"fliP","flgA"
"360095.BARBAKC583_1135","360095.BARBAKC583_1152",0.976,"fliP","RS05635"
"360095.BARBAKC583_1135","360095.BARBAKC583_1151",0.978,"fliP","fliN"
"360095.BARBAKC583_1135","360095.BARBAKC583_1139",0.979,"fliP","RS05570"
"360095.BARBAKC583_1135","360095.BARBAKC583_1160",0.982,"fliP","flhA"
"360095.BARBAKC583_1135","360095.BARBAKC583_1136",0.983,"fliP","RS05555"
"360095.BARBAKC583_1135","360095.BARBAKC583_1141",0.989,"fliP","flgG"
"360095.BARBAKC583_1135","360095.BARBAKC583_1145",0.99,"fliP","RS05600"
"360095.BARBAKC583_1135","360095.BARBAKC583_1144",0.99,"fliP","flgB"
"360095.BARBAKC583_1135","360095.BARBAKC583_1142",0.991,"fliP","fliE"
"360095.BARBAKC583_1135","360095.BARBAKC583_1143",0.991,"fliP","flgC"
"360095.BARBAKC583_1135","360095.BARBAKC583_1137",0.995,"fliP","flgH"
"360095.BARBAKC583_1135","360095.BARBAKC583_1153",0.997,"fliP","flhB"
"360095.BARBAKC583_1136","360095.BARBAKC583_1155",0.774,"RS05555","RS05650"
"360095.BARBAKC583_1136","360095.BARBAKC583_1154",0.779,"RS05555","RS05645"
"360095.BARBAKC583_1136","360095.BARBAKC583_1146",0.786,"RS05555","flgF"
"360095.BARBAKC583_1136","360095.BARBAKC583_1141",0.826,"RS05555","flgG"
"360095.BARBAKC583_1136","360095.BARBAKC583_1160",0.842,"RS05555","flhA"
"360095.BARBAKC583_1136","360095.BARBAKC583_1145",0.865,"RS05555","RS05600"
"360095.BARBAKC583_1136","360095.BARBAKC583_1153",0.893,"RS05555","flhB"
"360095.BARBAKC583_1136","360095.BARBAKC583_1139",0.926,"RS05555","RS05570"
"360095.BARBAKC583_1136","360095.BARBAKC583_1148",0.929,"RS05555","motA"
"360095.BARBAKC583_1136","360095.BARBAKC583_1152",0.93,"RS05555","RS05635"
"360095.BARBAKC583_1136","360095.BARBAKC583_1151",0.93,"RS05555","fliN"
"360095.BARBAKC583_1136","360095.BARBAKC583_1143",0.944,"RS05555","flgC"
"360095.BARBAKC583_1136","360095.BARBAKC583_1149",0.947,"RS05555","RS05620"
"360095.BARBAKC583_1136","360095.BARBAKC583_1137",0.969,"RS05555","flgH"
"360095.BARBAKC583_1136","360095.BARBAKC583_1142",0.978,"RS05555","fliE"
"360095.BARBAKC583_1136","360095.BARBAKC583_1140",0.979,"RS05555","flgA"
"360095.BARBAKC583_1136","360095.BARBAKC583_1144",0.986,"RS05555","flgB"
"360095.BARBAKC583_1136","360095.BARBAKC583_1138",0.991,"RS05555","RS06990"
"360095.BARBAKC583_1137","360095.BARBAKC583_1160",0.899,"flgH","flhA"
"360095.BARBAKC583_1137","360095.BARBAKC583_1151",0.94,"flgH","fliN"
"360095.BARBAKC583_1137","360095.BARBAKC583_1152",0.946,"flgH","RS05635"
"360095.BARBAKC583_1137","360095.BARBAKC583_1145",0.952,"flgH","RS05600"
"360095.BARBAKC583_1137","360095.BARBAKC583_1153",0.953,"flgH","flhB"
"360095.BARBAKC583_1137","360095.BARBAKC583_1149",0.965,"flgH","RS05620"
"360095.BARBAKC583_1137","360095.BARBAKC583_1138",0.969,"flgH","RS06990"
"360095.BARBAKC583_1137","360095.BARBAKC583_1148",0.971,"flgH","motA"
"360095.BARBAKC583_1137","360095.BARBAKC583_1146",0.973,"flgH","flgF"
"360095.BARBAKC583_1137","360095.BARBAKC583_1140",0.978,"flgH","flgA"
"360095.BARBAKC583_1137","360095.BARBAKC583_1142",0.989,"flgH","fliE"
"360095.BARBAKC583_1137","360095.BARBAKC583_1144",0.994,"flgH","flgB"
"360095.BARBAKC583_1137","360095.BARBAKC583_1143",0.997,"flgH","flgC"
"360095.BARBAKC583_1137","360095.BARBAKC583_1141",0.998,"flgH","flgG"
"360095.BARBAKC583_1137","360095.BARBAKC583_1139",0.999,"flgH","RS05570"
"360095.BARBAKC583_1138","360095.BARBAKC583_1153",0.417,"RS06990","flhB"
"360095.BARBAKC583_1138","360095.BARBAKC583_1146",0.515,"RS06990","flgF"
"360095.BARBAKC583_1138","360095.BARBAKC583_1160",0.636,"RS06990","flhA"
"360095.BARBAKC583_1138","360095.BARBAKC583_1139",0.719,"RS06990","RS05570"
"360095.BARBAKC583_1138","360095.BARBAKC583_1141",0.765,"RS06990","flgG"
"360095.BARBAKC583_1138","360095.BARBAKC583_1155",0.774,"RS06990","RS05650"
"360095.BARBAKC583_1138","360095.BARBAKC583_1154",0.782,"RS06990","RS05645"
"360095.BARBAKC583_1138","360095.BARBAKC583_1145",0.803,"RS06990","RS05600"
"360095.BARBAKC583_1138","360095.BARBAKC583_1149",0.866,"RS06990","RS05620"
"360095.BARBAKC583_1138","360095.BARBAKC583_1152",0.9,"RS06990","RS05635"
"360095.BARBAKC583_1138","360095.BARBAKC583_1151",0.9,"RS06990","fliN"
"360095.BARBAKC583_1138","360095.BARBAKC583_1143",0.933,"RS06990","flgC"
"360095.BARBAKC583_1138","360095.BARBAKC583_1148",0.961,"RS06990","motA"
"360095.BARBAKC583_1138","360095.BARBAKC583_1140",0.972,"RS06990","flgA"
"360095.BARBAKC583_1138","360095.BARBAKC583_1144",0.973,"RS06990","flgB"
"360095.BARBAKC583_1138","360095.BARBAKC583_1142",0.975,"RS06990","fliE"
"360095.BARBAKC583_1139","360095.BARBAKC583_1148",0.87,"RS05570","motA"
"360095.BARBAKC583_1139","360095.BARBAKC583_1151",0.894,"RS05570","fliN"
"360095.BARBAKC583_1139","360095.BARBAKC583_1152",0.896,"RS05570","RS05635"
"360095.BARBAKC583_1139","360095.BARBAKC583_1160",0.947,"RS05570","flhA"
"360095.BARBAKC583_1139","360095.BARBAKC583_1145",0.955,"RS05570","RS05600"
"360095.BARBAKC583_1139","360095.BARBAKC583_1153",0.956,"RS05570","flhB"
"360095.BARBAKC583_1139","360095.BARBAKC583_1149",0.958,"RS05570","RS05620"
"360095.BARBAKC583_1139","360095.BARBAKC583_1146",0.976,"RS05570","flgF"
"360095.BARBAKC583_1139","360095.BARBAKC583_1140",0.983,"RS05570","flgA"
"360095.BARBAKC583_1139","360095.BARBAKC583_1142",0.991,"RS05570","fliE"
"360095.BARBAKC583_1139","360095.BARBAKC583_1144",0.994,"RS05570","flgB"
"360095.BARBAKC583_1139","360095.BARBAKC583_1143",0.997,"RS05570","flgC"
"360095.BARBAKC583_1139","360095.BARBAKC583_1141",0.999,"RS05570","flgG"
"360095.BARBAKC583_1140","360095.BARBAKC583_1154",0.663,"flgA","RS05645"
"360095.BARBAKC583_1140","360095.BARBAKC583_1160",0.689,"flgA","flhA"
"360095.BARBAKC583_1140","360095.BARBAKC583_1155",0.734,"flgA","RS05650"
"360095.BARBAKC583_1140","360095.BARBAKC583_1145",0.746,"flgA","RS05600"
"360095.BARBAKC583_1140","360095.BARBAKC583_1146",0.86,"flgA","flgF"
"360095.BARBAKC583_1140","360095.BARBAKC583_1153",0.863,"flgA","flhB"
"360095.BARBAKC583_1140","360095.BARBAKC583_1151",0.891,"flgA","fliN"
"360095.BARBAKC583_1140","360095.BARBAKC583_1152",0.9,"flgA","RS05635"
"360095.BARBAKC583_1140","360095.BARBAKC583_1148",0.916,"flgA","motA"
"360095.BARBAKC583_1140","360095.BARBAKC583_1149",0.939,"flgA","RS05620"
"360095.BARBAKC583_1140","360095.BARBAKC583_1143",0.947,"flgA","flgC"
"360095.BARBAKC583_1140","360095.BARBAKC583_1141",0.976,"flgA","flgG"
"360095.BARBAKC583_1140","360095.BARBAKC583_1142",0.986,"flgA","fliE"
"360095.BARBAKC583_1140","360095.BARBAKC583_1144",0.988,"flgA","flgB"
"360095.BARBAKC583_1141","360095.BARBAKC583_1148",0.821,"flgG","motA"
"360095.BARBAKC583_1141","360095.BARBAKC583_1146",0.869,"flgG","flgF"
"360095.BARBAKC583_1141","360095.BARBAKC583_1149",0.942,"flgG","RS05620"
"360095.BARBAKC583_1141","360095.BARBAKC583_1160",0.972,"flgG","flhA"
"360095.BARBAKC583_1141","360095.BARBAKC583_1145",0.975,"flgG","RS05600"
"360095.BARBAKC583_1141","360095.BARBAKC583_1151",0.979,"flgG","fliN"
"360095.BARBAKC583_1141","360095.BARBAKC583_1152",0.981,"flgG","RS05635"
"360095.BARBAKC583_1141","360095.BARBAKC583_1142",0.988,"flgG","fliE"
"360095.BARBAKC583_1141","360095.BARBAKC583_1153",0.988,"flgG","flhB"
"360095.BARBAKC583_1141","360095.BARBAKC583_1144",0.994,"flgG","flgB"
"360095.BARBAKC583_1141","360095.BARBAKC583_1143",0.999,"flgG","flgC"
"360095.BARBAKC583_1142","360095.BARBAKC583_1155",0.774,"fliE","RS05650"
"360095.BARBAKC583_1142","360095.BARBAKC583_1154",0.784,"fliE","RS05645"
"360095.BARBAKC583_1142","360095.BARBAKC583_1146",0.896,"fliE","flgF"
"360095.BARBAKC583_1142","360095.BARBAKC583_1151",0.917,"fliE","fliN"
"360095.BARBAKC583_1142","360095.BARBAKC583_1149",0.93,"fliE","RS05620"
"360095.BARBAKC583_1142","360095.BARBAKC583_1160",0.941,"fliE","flhA"
"360095.BARBAKC583_1142","360095.BARBAKC583_1148",0.944,"fliE","motA"
"360095.BARBAKC583_1142","360095.BARBAKC583_1153",0.95,"fliE","flhB"
"360095.BARBAKC583_1142","360095.BARBAKC583_1152",0.96,"fliE","RS05635"
"360095.BARBAKC583_1142","360095.BARBAKC583_1145",0.978,"fliE","RS05600"
"360095.BARBAKC583_1142","360095.BARBAKC583_1143",0.997,"fliE","flgC"
"360095.BARBAKC583_1142","360095.BARBAKC583_1144",0.999,"fliE","flgB"
"360095.BARBAKC583_1143","360095.BARBAKC583_1148",0.937,"flgC","motA"
"360095.BARBAKC583_1143","360095.BARBAKC583_1149",0.963,"flgC","RS05620"
"360095.BARBAKC583_1143","360095.BARBAKC583_1160",0.981,"flgC","flhA"
"360095.BARBAKC583_1143","360095.BARBAKC583_1152",0.983,"flgC","RS05635"
"360095.BARBAKC583_1143","360095.BARBAKC583_1153",0.988,"flgC","flhB"
"360095.BARBAKC583_1143","360095.BARBAKC583_1146",0.988,"flgC","flgF"
"360095.BARBAKC583_1143","360095.BARBAKC583_1145",0.99,"flgC","RS05600"
"360095.BARBAKC583_1143","360095.BARBAKC583_1151",0.991,"flgC","fliN"
"360095.BARBAKC583_1143","360095.BARBAKC583_1144",0.998,"flgC","flgB"
"360095.BARBAKC583_1144","360095.BARBAKC583_1155",0.771,"flgB","RS05650"
"360095.BARBAKC583_1144","360095.BARBAKC583_1154",0.776,"flgB","RS05645"
"360095.BARBAKC583_1144","360095.BARBAKC583_1151",0.913,"flgB","fliN"
"360095.BARBAKC583_1144","360095.BARBAKC583_1149",0.93,"flgB","RS05620"
"360095.BARBAKC583_1144","360095.BARBAKC583_1152",0.93,"flgB","RS05635"
"360095.BARBAKC583_1144","360095.BARBAKC583_1146",0.935,"flgB","flgF"
"360095.BARBAKC583_1144","360095.BARBAKC583_1153",0.961,"flgB","flhB"
"360095.BARBAKC583_1144","360095.BARBAKC583_1160",0.961,"flgB","flhA"
"360095.BARBAKC583_1144","360095.BARBAKC583_1145",0.968,"flgB","RS05600"
"360095.BARBAKC583_1144","360095.BARBAKC583_1148",0.968,"flgB","motA"
"360095.BARBAKC583_1145","360095.BARBAKC583_1148",0.86,"RS05600","motA"
"360095.BARBAKC583_1145","360095.BARBAKC583_1149",0.949,"RS05600","RS05620"
"360095.BARBAKC583_1145","360095.BARBAKC583_1146",0.96,"RS05600","flgF"
"360095.BARBAKC583_1145","360095.BARBAKC583_1152",0.985,"RS05600","RS05635"
"360095.BARBAKC583_1145","360095.BARBAKC583_1160",0.992,"RS05600","flhA"
"360095.BARBAKC583_1145","360095.BARBAKC583_1153",0.993,"RS05600","flhB"
"360095.BARBAKC583_1145","360095.BARBAKC583_1151",0.995,"RS05600","fliN"
"360095.BARBAKC583_1146","360095.BARBAKC583_1264",0.51,"flgF","RS06160"
"360095.BARBAKC583_1146","360095.BARBAKC583_1345",0.519,"flgF","RS06540"
"360095.BARBAKC583_1146","360095.BARBAKC583_1148",0.901,"flgF","motA"
"360095.BARBAKC583_1146","360095.BARBAKC583_1160",0.926,"flgF","flhA"
"360095.BARBAKC583_1146","360095.BARBAKC583_1149",0.93,"flgF","RS05620"
"360095.BARBAKC583_1146","360095.BARBAKC583_1153",0.946,"flgF","flhB"
"360095.BARBAKC583_1146","360095.BARBAKC583_1151",0.962,"flgF","fliN"
"360095.BARBAKC583_1146","360095.BARBAKC583_1152",0.966,"flgF","RS05635"
"360095.BARBAKC583_1148","360095.BARBAKC583_1155",0.599,"motA","RS05650"
"360095.BARBAKC583_1148","360095.BARBAKC583_1154",0.618,"motA","RS05645"
"360095.BARBAKC583_1148","360095.BARBAKC583_1153",0.719,"motA","flhB"
"360095.BARBAKC583_1148","360095.BARBAKC583_1150",0.784,"motA","RS05625"
"360095.BARBAKC583_1148","360095.BARBAKC583_1160",0.838,"motA","flhA"
"360095.BARBAKC583_1148","360095.BARBAKC583_1151",0.943,"motA","fliN"
"360095.BARBAKC583_1148","360095.BARBAKC583_1152",0.956,"motA","RS05635"
"360095.BARBAKC583_1148","360095.BARBAKC583_1149",0.981,"motA","RS05620"
"360095.BARBAKC583_1149","360095.BARBAKC583_1361",0.51,"RS05620","RS06625"
"360095.BARBAKC583_1149","360095.BARBAKC583_1150",0.784,"RS05620","RS05625"
"360095.BARBAKC583_1149","360095.BARBAKC583_1160",0.889,"RS05620","flhA"
"360095.BARBAKC583_1149","360095.BARBAKC583_1153",0.936,"RS05620","flhB"
"360095.BARBAKC583_1149","360095.BARBAKC583_1152",0.999,"RS05620","RS05635"
"360095.BARBAKC583_1149","360095.BARBAKC583_1151",0.999,"RS05620","fliN"
"360095.BARBAKC583_1150","360095.BARBAKC583_1152",0.431,"RS05625","RS05635"
"360095.BARBAKC583_1150","360095.BARBAKC583_1151",0.453,"RS05625","fliN"
"360095.BARBAKC583_1151","360095.BARBAKC583_1361",0.51,"fliN","RS06625"
"360095.BARBAKC583_1151","360095.BARBAKC583_1172",0.51,"fliN","groL"
"360095.BARBAKC583_1151","360095.BARBAKC583_1160",0.961,"fliN","flhA"
"360095.BARBAKC583_1151","360095.BARBAKC583_1153",0.982,"fliN","flhB"
"360095.BARBAKC583_1151","360095.BARBAKC583_1152",0.999,"fliN","RS05635"
"360095.BARBAKC583_1152","360095.BARBAKC583_1160",0.972,"RS05635","flhA"
"360095.BARBAKC583_1152","360095.BARBAKC583_1153",0.982,"RS05635","flhB"
"360095.BARBAKC583_1153","360095.BARBAKC583_1154",0.555,"flhB","RS05645"
"360095.BARBAKC583_1153","360095.BARBAKC583_1160",0.997,"flhB","flhA"
"360095.BARBAKC583_1154","360095.BARBAKC583_1155",0.774,"RS05645","RS05650"
"360095.BARBAKC583_1172","360095.BARBAKC583_1212",0.423,"groL","ileS"
"360095.BARBAKC583_1172","360095.BARBAKC583_1214",0.482,"groL","RS05920"
"360095.BARBAKC583_1172","360095.BARBAKC583_1327",0.793,"groL","dnaJ"
"360095.BARBAKC583_1172","360095.BARBAKC583_1332",0.825,"groL","RS06475"
"360095.BARBAKC583_1172","360095.BARBAKC583_1334",0.97,"groL","grpE"
"360095.BARBAKC583_1172","360095.BARBAKC583_1328",0.989,"groL","dnaK"
"360095.BARBAKC583_1172","360095.BARBAKC583_1173",0.999,"groL","groES"
"360095.BARBAKC583_1173","360095.BARBAKC583_1327",0.678,"groES","dnaJ"
"360095.BARBAKC583_1173","360095.BARBAKC583_1334",0.944,"groES","grpE"
"360095.BARBAKC583_1173","360095.BARBAKC583_1328",0.952,"groES","dnaK"
"360095.BARBAKC583_1203","360095.BARBAKC583_1206",0.575,"lpxK","RS05880"
"360095.BARBAKC583_1212","360095.BARBAKC583_1213",0.436,"ileS","RS05915"
"360095.BARBAKC583_1213","360095.BARBAKC583_1214",0.54,"RS05915","RS05920"
"360095.BARBAKC583_1214","360095.BARBAKC583_1350",0.432,"RS05920","RS06570"
"360095.BARBAKC583_1219","360095.BARBAKC583_1223",0.424,"RS05940","RS05960"
"360095.BARBAKC583_1268","360095.BARBAKC583_1270",0.972,"fabA","fabI"
"360095.BARBAKC583_1268","360095.BARBAKC583_1269",0.983,"fabA","fabB"
"360095.BARBAKC583_1269","360095.BARBAKC583_1270",0.983,"fabB","fabI"
"360095.BARBAKC583_1309","360095.BARBAKC583_1311",0.995,"RS06370","RS06380"
"360095.BARBAKC583_1309","360095.BARBAKC583_1310",0.997,"RS06370","RS06375"
"360095.BARBAKC583_1310","360095.BARBAKC583_1311",0.996,"RS06375","RS06380"
"360095.BARBAKC583_1327","360095.BARBAKC583_1334",0.936,"dnaJ","grpE"
"360095.BARBAKC583_1327","360095.BARBAKC583_1328",0.999,"dnaJ","dnaK"
"360095.BARBAKC583_1328","360095.BARBAKC583_1334",0.998,"dnaK","grpE"
"360095.BARBAKC583_1359","360095.BARBAKC583_1361",0.444,"RS06615","RS06625"
