"string_id","gen","locus","producto","log2FC_37vs25","conjunto_flagelar","grado"
"360095.BARBAKC583_0001","RS00005","BARBAKC583_RS00005","Bax inhibitor-1/YccA family protein",1.09,FALSE,0
"360095.BARBAKC583_0032","RS00170","BARBAKC583_RS00170","monovalent cation/H+ antiporter subunit D",-1.257,FALSE,2
"360095.BARBAKC583_0035","mnhG","BARBAKC583_RS00185","monovalent cation/H(+) antiporter subunit G",-1.208,FALSE,2
"360095.BARBAKC583_0036","RS00190","BARBAKC583_RS00190","MliC family protein",2.289,FALSE,7
"360095.BARBAKC583_0049","RS00250","BARBAKC583_RS00250","ABC transporter ATP-binding protein",-1.305,FALSE,1
"360095.BARBAKC583_0050","holA","BARBAKC583_RS00255","DNA polymerase III subunit delta",-1.162,FALSE,8
"360095.BARBAKC583_0059","RS00300","BARBAKC583_RS00300","response regulator transcription factor",1.013,FALSE,1
"360095.BARBAKC583_0060","RS00310","BARBAKC583_RS00310","EVE domain-containing protein",-1.504,FALSE,1
"360095.BARBAKC583_0062","tsaD","BARBAKC583_RS00315","tRNA (adenosine(37)-N6)-threonylcarbamoyltransferase complex transferase subunit TsaD",-1.201,FALSE,3
"360095.BARBAKC583_0064","RS00325","BARBAKC583_RS00325","heme biosynthesis protein HemY",-1.109,FALSE,7
"360095.BARBAKC583_0071","htpX","BARBAKC583_RS00360","zinc metalloprotease HtpX",2.125,FALSE,10
"360095.BARBAKC583_0072","RS00365","BARBAKC583_RS00365","RsmB/NOP family class I SAM-dependent RNA methyltransferase",1.64,FALSE,5
"360095.BARBAKC583_0075","RS06725","BARBAKC583_RS06725","DUF1127 domain-containing protein",-2.108,FALSE,0
"360095.BARBAKC583_0079","cobT","BARBAKC583_RS00395","cobaltochelatase subunit CobT",-1.325,FALSE,0
"360095.BARBAKC583_0084","RS00420","BARBAKC583_RS00420","SapC family protein",1.486,FALSE,4
"360095.BARBAKC583_0088","sdhC","BARBAKC583_RS00450","succinate dehydrogenase, cytochrome b556 subunit",-1.471,FALSE,6
"360095.BARBAKC583_0089","sdhD","BARBAKC583_RS00455","succinate dehydrogenase, hydrophobic membrane anchor protein",-1.546,FALSE,3
"360095.BARBAKC583_0090","sdhA","BARBAKC583_RS00460","succinate dehydrogenase flavoprotein subunit",-1.601,FALSE,10
"360095.BARBAKC583_0092","RS00470","BARBAKC583_RS00470","ubiquinone biosynthesis hydroxylase",1.134,FALSE,1
"360095.BARBAKC583_0106","fsa","BARBAKC583_RS00535","fructose-6-phosphate aldolase",1.039,FALSE,1
"360095.BARBAKC583_0112","atpA","BARBAKC583_RS00560","F0F1 ATP synthase subunit alpha",-1.141,FALSE,20
"360095.BARBAKC583_0113","RS00565","BARBAKC583_RS00565","F0F1 ATP synthase subunit gamma",-1.206,FALSE,15
"360095.BARBAKC583_0114","atpD","BARBAKC583_RS00570","F0F1 ATP synthase subunit beta",-1.225,FALSE,17
"360095.BARBAKC583_0115","atpC","BARBAKC583_RS00575","ATP synthase F1 subunit epsilon",-1.302,FALSE,11
"360095.BARBAKC583_0116","RS00580","BARBAKC583_RS00580","MFS transporter",-1.255,FALSE,7
"360095.BARBAKC583_0117","RS00585","BARBAKC583_RS00585","HlyD family secretion protein",-1.205,FALSE,7
"360095.BARBAKC583_0123","RS00610","BARBAKC583_RS00610","CarD family transcriptional regulator",1.153,FALSE,2
"360095.BARBAKC583_0129","RS00640","BARBAKC583_RS00640","glycine zipper domain-containing protein",1.762,FALSE,5
"360095.BARBAKC583_0186","RS00910","BARBAKC583_RS00910","hypothetical protein",-1.675,FALSE,1
"360095.BARBAKC583_0187","RS00915","BARBAKC583_RS00915","toprim domain-containing protein",-2.11,FALSE,7
"360095.BARBAKC583_0188","RS00920","BARBAKC583_RS00920","YdaU family protein",-1.806,FALSE,0
"360095.BARBAKC583_0193","RS00935","BARBAKC583_RS00935","hypothetical protein",-1.195,FALSE,0
"360095.BARBAKC583_0200","RS06935","BARBAKC583_RS06935","hypothetical protein",1.058,FALSE,0
"360095.BARBAKC583_0209","purE","BARBAKC583_RS01020","5-(carboxyamino)imidazole ribonucleotide mutase",1.366,FALSE,0
"360095.BARBAKC583_0212","RS01050","BARBAKC583_RS01050","Maf family protein",1.466,FALSE,1
"360095.BARBAKC583_0213","yacG","BARBAKC583_RS01055","DNA gyrase inhibitor YacG",1.535,FALSE,3
"360095.BARBAKC583_0216","clpB","BARBAKC583_RS01060","ATP-dependent chaperone ClpB",3.305,FALSE,9
"360095.BARBAKC583_0219","RS01070","BARBAKC583_RS01070","hypothetical protein",2.215,FALSE,0
"360095.BARBAKC583_0221","RS01085","BARBAKC583_RS01085","hypothetical protein",2.75,FALSE,0
"360095.BARBAKC583_0226","RS01090","BARBAKC583_RS01090","hypothetical protein",2.176,FALSE,0
"360095.BARBAKC583_0228","RS01105","BARBAKC583_RS01105","portal protein",-1.818,FALSE,10
"360095.BARBAKC583_0229","RS01110","BARBAKC583_RS01110","hypothetical protein",-2.248,FALSE,1
"360095.BARBAKC583_0230","RS01115","BARBAKC583_RS01115","N4-gp56 family major capsid protein",-2.658,FALSE,9
"360095.BARBAKC583_0233","RS01140","BARBAKC583_RS01140","hypothetical protein",-1.931,FALSE,3
"360095.BARBAKC583_0234","RS07170","BARBAKC583_RS07170","hypothetical protein",-1.858,FALSE,3
"360095.BARBAKC583_0235","RS01155","BARBAKC583_RS01155","tail fiber domain-containing protein",-1.675,FALSE,3
"360095.BARBAKC583_0238","RS01175","BARBAKC583_RS01175","phage tail protein",-1.424,FALSE,7
"360095.BARBAKC583_0239","RS01180","BARBAKC583_RS01180","hypothetical protein",-1.235,FALSE,0
"360095.BARBAKC583_0247","RS01215","BARBAKC583_RS01215","DUF4167 domain-containing protein",1.109,FALSE,0
"360095.BARBAKC583_0250","RS01230","BARBAKC583_RS01230","response regulator",-1.391,FALSE,33
"360095.BARBAKC583_0273","RS01325","BARBAKC583_RS01325","recombinase family protein",1.215,FALSE,2
"360095.BARBAKC583_0274","RS01330","BARBAKC583_RS01330","AbrB/MazE/SpoVT family DNA-binding domain-containing protein",3.81,FALSE,2
"360095.BARBAKC583_0275","RS01335","BARBAKC583_RS01335","type II toxin-antitoxin system VapC family toxin",3.531,FALSE,2
"360095.BARBAKC583_0276","RS01340","BARBAKC583_RS01340","helix-turn-helix domain-containing transcriptional regulator",2.941,FALSE,1
"360095.BARBAKC583_0277","RS01345","BARBAKC583_RS01345","type II toxin-antitoxin system RelE/ParE family toxin",1.815,FALSE,1
"360095.BARBAKC583_0278","RS01350","BARBAKC583_RS01350","hypothetical protein",1.867,FALSE,1
"360095.BARBAKC583_0279","RS01355","BARBAKC583_RS01355","hypothetical protein",1.708,FALSE,1
"360095.BARBAKC583_0283","RS01370","BARBAKC583_RS01370","ParA family protein",1.251,FALSE,0
"360095.BARBAKC583_0287","rpoH","BARBAKC583_RS01390","RNA polymerase sigma factor RpoH",1.323,FALSE,8
"360095.BARBAKC583_0306","RS01470","BARBAKC583_RS01470","efflux RND transporter permease subunit",-1.151,FALSE,1
"360095.BARBAKC583_0311","RS07145","BARBAKC583_RS07145","YadA-like family protein",-1.399,FALSE,1
"360095.BARBAKC583_0312","RS01500","BARBAKC583_RS01500","invasion associated locus B family protein",-1.239,FALSE,1
"360095.BARBAKC583_0314","RS01505","BARBAKC583_RS01505","Vomp family autotransporter",-1.315,FALSE,9
"360095.BARBAKC583_0315","RS01510","BARBAKC583_RS01510","invasion associated locus B family protein",-1.097,FALSE,1
"360095.BARBAKC583_0323","RS01555","BARBAKC583_RS01555","murein hydrolase activator EnvC family protein",-1.219,FALSE,3
"360095.BARBAKC583_0337","RS01625","BARBAKC583_RS01625","sigma-54-dependent transcriptional regulator",1.181,FALSE,16
"360095.BARBAKC583_0342","RS01640","BARBAKC583_RS01640","universal stress protein",-1.244,FALSE,3
"360095.BARBAKC583_0369","ubiG","BARBAKC583_RS01770","bifunctional 2-polyprenyl-6-hydroxyphenol methylase/3-demethylubiquinol 3-O-methyltransferase UbiG",1.377,FALSE,1
"360095.BARBAKC583_0395","RS01900","BARBAKC583_RS01900","DnaJ C-terminal domain-containing protein",1.386,FALSE,17
"360095.BARBAKC583_0403","tldD","BARBAKC583_RS01945","metalloprotease TldD",1.068,FALSE,4
"360095.BARBAKC583_0411","RS01980","BARBAKC583_RS01980","M16 family metallopeptidase",1.033,FALSE,9
"360095.BARBAKC583_0423","RS02030","BARBAKC583_RS02030","Ros/MucR family transcriptional regulator",1.267,FALSE,0
"360095.BARBAKC583_0424","RS02035","BARBAKC583_RS02035","SufE family protein",1.082,FALSE,1
"360095.BARBAKC583_0427","RS02055","BARBAKC583_RS02055","hypothetical protein",1.394,FALSE,2
"360095.BARBAKC583_0428","RS02060","BARBAKC583_RS02060","response regulator transcription factor",1.949,FALSE,2
"360095.BARBAKC583_0439","pepN","BARBAKC583_RS02115","aminopeptidase N",-1.464,FALSE,2
"360095.BARBAKC583_0445","RS02145","BARBAKC583_RS02145","FAD-dependent oxidoreductase",-1.209,FALSE,3
"360095.BARBAKC583_0446","thiC","BARBAKC583_RS02150","phosphomethylpyrimidine synthase ThiC",-1.99,FALSE,1
"360095.BARBAKC583_0453","RS02190","BARBAKC583_RS02190","N-acetylmuramoyl-L-alanine amidase",-1.052,FALSE,0
"360095.BARBAKC583_0455","RS02200","BARBAKC583_RS02200","heme ABC transporter ATP-binding protein",-1.488,FALSE,3
"360095.BARBAKC583_0456","RS02205","BARBAKC583_RS02205","FecCD family ABC transporter permease",-1.537,FALSE,7
"360095.BARBAKC583_0457","RS02210","BARBAKC583_RS02210","heme/hemin ABC transporter substrate-binding protein",-1.696,FALSE,3
"360095.BARBAKC583_0458","RS02215","BARBAKC583_RS02215","hemin-degrading factor",-1.423,FALSE,3
"360095.BARBAKC583_0463","RS07045","BARBAKC583_RS07045","hypothetical protein",1.415,FALSE,2
"360095.BARBAKC583_0464","dapA","BARBAKC583_RS02235","4-hydroxy-tetrahydrodipicolinate synthase",1.699,FALSE,2
"360095.BARBAKC583_0465","smpB","BARBAKC583_RS02240","SsrA-binding protein SmpB",1.148,FALSE,9
"360095.BARBAKC583_0467","rpoZ","BARBAKC583_RS02250","DNA-directed RNA polymerase subunit omega",1.109,FALSE,15
"360095.BARBAKC583_0468","RS02255","BARBAKC583_RS02255","RelA/SpoT family protein",1.174,FALSE,8
"360095.BARBAKC583_0493","rpsR","BARBAKC583_RS02380","30S ribosomal protein S18",-1.124,FALSE,14
"360095.BARBAKC583_0519","serS","BARBAKC583_RS02505","serine--tRNA ligase",1.039,FALSE,5
"360095.BARBAKC583_0534","pdhA","BARBAKC583_RS02570","pyruvate dehydrogenase (acetyl-transferring) E1 component subunit alpha",1.016,FALSE,4
"360095.BARBAKC583_0548","lon","BARBAKC583_RS02640","endopeptidase La",1.563,FALSE,11
"360095.BARBAKC583_0555","RS02670","BARBAKC583_RS02670","NADH:ubiquinone oxidoreductase subunit NDUFA12",1.187,FALSE,0
"360095.BARBAKC583_0557","RS02685","BARBAKC583_RS02685","hypothetical protein",-1.052,FALSE,0
"360095.BARBAKC583_0577","RS02770","BARBAKC583_RS02770","D-alanyl-D-alanine carboxypeptidase",-1.041,FALSE,0
"360095.BARBAKC583_0579","RS02785","BARBAKC583_RS02785","HIT family protein",1.416,FALSE,6
"360095.BARBAKC583_0581","RS02790","BARBAKC583_RS02790","RidA family protein",1.118,FALSE,1
"360095.BARBAKC583_0583","rpsB","BARBAKC583_RS02800","30S ribosomal protein S2",1.27,FALSE,22
"360095.BARBAKC583_0586","frr","BARBAKC583_RS02815","ribosome recycling factor",1.079,FALSE,10
"360095.BARBAKC583_0614","RS02960","BARBAKC583_RS02960","Hsp20 family protein",2.55,FALSE,8
"360095.BARBAKC583_0619","RS02985","BARBAKC583_RS02985","beta-ketoacyl-ACP synthase",-1.319,FALSE,5
"360095.BARBAKC583_0620","RS02990","BARBAKC583_RS02990","hypothetical protein",-2.043,FALSE,9
"360095.BARBAKC583_0621","RS02995","BARBAKC583_RS02995","acyl carrier protein",-2.378,FALSE,20
"360095.BARBAKC583_0676","rplN","BARBAKC583_RS03275","50S ribosomal protein L14",1.075,FALSE,21
"360095.BARBAKC583_0677","rplX","BARBAKC583_RS03280","50S ribosomal protein L24",1.092,FALSE,21
"360095.BARBAKC583_0747","RS03635","BARBAKC583_RS03635","branched-chain amino acid aminotransferase",-1.022,FALSE,0
"360095.BARBAKC583_0751","RS03655","BARBAKC583_RS03655","HesB/IscA family protein",1.28,FALSE,1
"360095.BARBAKC583_0780","RS03805","BARBAKC583_RS03805","NADH-quinone oxidoreductase subunit C",-1.216,FALSE,16
"360095.BARBAKC583_0793","RS03870","BARBAKC583_RS03870","ribonuclease J",-1.09,FALSE,0
"360095.BARBAKC583_0842","dprA","BARBAKC583_RS04125","DNA-processing protein DprA",-1.263,FALSE,3
"360095.BARBAKC583_0850","RS04165","BARBAKC583_RS04165","Lrp/AsnC family transcriptional regulator",-1.019,FALSE,1
"360095.BARBAKC583_0870","RS04265","BARBAKC583_RS04265","zinc-finger domain-containing protein",1.084,FALSE,5
"360095.BARBAKC583_0874","RS04285","BARBAKC583_RS04285","DEAD/DEAH box helicase",-1.405,FALSE,16
"360095.BARBAKC583_0890","RS04340","BARBAKC583_RS04340","DUF1561 family protein",-1.136,FALSE,1
"360095.BARBAKC583_0895","RS04360","BARBAKC583_RS04360","MFS transporter",-1.164,FALSE,0
"360095.BARBAKC583_0906","RS04410","BARBAKC583_RS04410","hypothetical protein",1.361,FALSE,0
"360095.BARBAKC583_0926","RS04480","BARBAKC583_RS04480","thymidylate synthase",1.321,FALSE,0
"360095.BARBAKC583_0962","RS04650","BARBAKC583_RS04650","helix-turn-helix domain-containing protein",-1.624,FALSE,1
"360095.BARBAKC583_0970","RS04690","BARBAKC583_RS04690","GlsB/YeaQ/YmgE family stress response membrane protein",1.317,FALSE,2
"360095.BARBAKC583_0977","RS04720","BARBAKC583_RS04720","cold-shock protein",-1.409,FALSE,4
"360095.BARBAKC583_0984","greA","BARBAKC583_RS04755","transcription elongation factor GreA",1.259,FALSE,1
"360095.BARBAKC583_0987","RS04775","BARBAKC583_RS04775","BA14K family protein",2.325,FALSE,5
"360095.BARBAKC583_1009","RS04870","BARBAKC583_RS04870","DUF4159 domain-containing protein",-1.047,FALSE,3
"360095.BARBAKC583_1026","RS04980","BARBAKC583_RS04980","ABC transporter ATP-binding protein",-1.098,FALSE,0
"360095.BARBAKC583_1035","RS05020","BARBAKC583_RS05020","DUF6460 domain-containing protein",1.419,FALSE,10
"360095.BARBAKC583_1040","RS05045","BARBAKC583_RS05045","flagellin N-terminal helical domain-containing protein",-2.007,TRUE,26
"360095.BARBAKC583_1042","RS05060","BARBAKC583_RS05060","YraN family protein",-1.243,FALSE,0
"360095.BARBAKC583_1046","rpmH","BARBAKC583_RS05080","50S ribosomal protein L34",1.332,FALSE,13
"360095.BARBAKC583_1049","yihA","BARBAKC583_RS05095","ribosome biogenesis GTP-binding protein YihA/YsxC",1.227,FALSE,9
"360095.BARBAKC583_1050","RS05100","BARBAKC583_RS05100","glutathione S-transferase family protein",1.904,FALSE,6
"360095.BARBAKC583_1089","RS05285","BARBAKC583_RS05285","DHA2 family efflux MFS transporter permease subunit",-1.899,FALSE,2
"360095.BARBAKC583_1090","RS05290","BARBAKC583_RS05290","type III PLP-dependent enzyme",1.06,FALSE,0
"360095.BARBAKC583_1093","alr","BARBAKC583_RS05310","alanine racemase",1.016,FALSE,1
"360095.BARBAKC583_1097","RS05330","BARBAKC583_RS05330","LON peptidase substrate-binding domain-containing protein",1.58,FALSE,2
"360095.BARBAKC583_1098","RS06865","BARBAKC583_RS06865","Trm112 family protein",2.147,FALSE,1
"360095.BARBAKC583_1103","RS05350","BARBAKC583_RS05350","methionine ABC transporter ATP-binding protein",-1.418,FALSE,1
"360095.BARBAKC583_1104","RS05355","BARBAKC583_RS05355","methionine ABC transporter permease",-1.47,FALSE,2
"360095.BARBAKC583_1108","RS05370","BARBAKC583_RS05370","creatininase family protein",1.207,FALSE,0
"360095.BARBAKC583_1110","RS05385","BARBAKC583_RS05385","hypothetical protein",1.388,FALSE,0
"360095.BARBAKC583_1112","RS05400","BARBAKC583_RS05400","ABC transporter permease",-1.184,FALSE,3
"360095.BARBAKC583_1113","RS05405","BARBAKC583_RS05405","iron chelate uptake ABC transporter family permease subunit",-1.177,FALSE,2
"360095.BARBAKC583_1116","fliQ","BARBAKC583_RS05420","flagellar biosynthesis protein FliQ",-2.039,TRUE,21
"360095.BARBAKC583_1117","flgD","BARBAKC583_RS05425","flagellar hook assembly protein FlgD",-1.321,TRUE,23
"360095.BARBAKC583_1121","flgK","BARBAKC583_RS05465","flagellar hook-associated protein FlgK",-1.36,TRUE,25
"360095.BARBAKC583_1128","RS05500","BARBAKC583_RS05500","hypothetical protein",-1.001,FALSE,0
"360095.BARBAKC583_1132","RS05530","BARBAKC583_RS05530","autotransporter outer membrane beta-barrel domain-containing protein",-1.055,FALSE,0
"360095.BARBAKC583_1135","fliP","BARBAKC583_RS05550","flagellar type III secretion system pore protein FliP",-1.265,TRUE,24
"360095.BARBAKC583_1136","RS05555","BARBAKC583_RS05555","flagellar basal body-associated FliL family protein",-1.498,TRUE,26
"360095.BARBAKC583_1137","flgH","BARBAKC583_RS05560","flagellar basal body L-ring protein FlgH",-1.414,TRUE,21
"360095.BARBAKC583_1138","RS06990","BARBAKC583_RS06990","MotE family protein",-1.258,FALSE,25
"360095.BARBAKC583_1139","RS05570","BARBAKC583_RS05570","flagellar basal body P-ring protein FlgI",-1.374,TRUE,21
"360095.BARBAKC583_1140","flgA","BARBAKC583_RS05575","flagellar basal body P-ring formation chaperone FlgA",-1.815,TRUE,24
"360095.BARBAKC583_1141","flgG","BARBAKC583_RS05580","flagellar basal-body rod protein FlgG",-1.362,TRUE,22
"360095.BARBAKC583_1142","fliE","BARBAKC583_RS05585","flagellar hook-basal body complex protein FliE",-1.225,TRUE,26
"360095.BARBAKC583_1143","flgC","BARBAKC583_RS05590","flagellar basal body rod protein FlgC",-1.198,TRUE,22
"360095.BARBAKC583_1144","flgB","BARBAKC583_RS05595","flagellar basal body rod protein FlgB",-1.287,TRUE,25
"360095.BARBAKC583_1145","RS05600","BARBAKC583_RS05600","flagellar protein export ATPase FliI",-1.658,TRUE,23
"360095.BARBAKC583_1146","flgF","BARBAKC583_RS05605","flagellar basal-body rod protein FlgF",-1.293,TRUE,26
"360095.BARBAKC583_1148","motA","BARBAKC583_RS05615","flagellar motor stator protein MotA",-2.111,TRUE,25
"360095.BARBAKC583_1149","RS05620","BARBAKC583_RS05620","FliM/FliN family flagellar motor switch protein",-2.194,TRUE,27
"360095.BARBAKC583_1150","RS05625","BARBAKC583_RS05625","BAB2_0123 family type IV secretion system effector",-2.343,FALSE,4
"360095.BARBAKC583_1151","fliN","BARBAKC583_RS07245","flagellar motor switch protein FliN",-1.717,TRUE,26
"360095.BARBAKC583_1152","RS05635","BARBAKC583_RS05635","flagellar motor switch protein FliG",-2.405,TRUE,25
"360095.BARBAKC583_1153","flhB","BARBAKC583_RS05640","flagellar biosynthesis protein FlhB",-1.596,TRUE,22
"360095.BARBAKC583_1154","RS05645","BARBAKC583_RS05645","hypothetical protein",-1.367,FALSE,11
"360095.BARBAKC583_1155","RS05650","BARBAKC583_RS05650","hypothetical protein",-1.652,FALSE,10
"360095.BARBAKC583_1160","flhA","BARBAKC583_RS05690","flagellar biosynthesis protein FlhA",-1.276,TRUE,22
"360095.BARBAKC583_1172","groL","BARBAKC583_RS05735","chaperonin GroEL",2.057,FALSE,21
"360095.BARBAKC583_1173","groES","BARBAKC583_RS05740","co-chaperone GroES",2.207,FALSE,14
"360095.BARBAKC583_1203","lpxK","BARBAKC583_RS05865","tetraacyldisaccharide 4'-kinase",-1.194,FALSE,1
"360095.BARBAKC583_1206","RS05880","BARBAKC583_RS05880","DUF4170 domain-containing protein",-1.359,FALSE,2
"360095.BARBAKC583_1208","RS05890","BARBAKC583_RS05890","TldD/PmbA family protein",1.152,FALSE,1
"360095.BARBAKC583_1212","ileS","BARBAKC583_RS05910","isoleucine--tRNA ligase",-1.065,FALSE,5
"360095.BARBAKC583_1213","RS05915","BARBAKC583_RS05915","outer membrane protein",1.591,FALSE,14
"360095.BARBAKC583_1214","RS05920","BARBAKC583_RS05920","outer membrane protein",-1.615,FALSE,16
"360095.BARBAKC583_1219","RS05940","BARBAKC583_RS05940","ribonuclease D",-1.104,FALSE,5
"360095.BARBAKC583_1223","RS05960","BARBAKC583_RS05960","cell wall hydrolase",-1.371,FALSE,5
"360095.BARBAKC583_1239","RS06030","BARBAKC583_RS06030","YbaB/EbfC family nucleoid-associated protein",1.267,FALSE,0
"360095.BARBAKC583_1248","RS06075","BARBAKC583_RS06075","helix-turn-helix domain-containing protein",1.166,FALSE,3
"360095.BARBAKC583_1264","RS06160","BARBAKC583_RS06160","leucyl aminopeptidase family protein",-1.234,FALSE,2
"360095.BARBAKC583_1268","fabA","BARBAKC583_RS06180","3-hydroxyacyl-[acyl-carrier-protein",1.433,FALSE,5
"360095.BARBAKC583_1269","fabB","BARBAKC583_RS06185","beta-ketoacyl-ACP synthase I",1.999,FALSE,4
"360095.BARBAKC583_1270","fabI","BARBAKC583_RS06190","enoyl-ACP reductase FabI",1.955,FALSE,5
"360095.BARBAKC583_1284","ccmA","BARBAKC583_RS06250","heme ABC exporter ATP-binding protein CcmA",1.063,FALSE,0
"360095.BARBAKC583_1309","RS06370","BARBAKC583_RS06370","metal ABC transporter permease",-1.067,FALSE,2
"360095.BARBAKC583_1310","RS06375","BARBAKC583_RS06375","manganese/iron ABC transporter ATP-binding protein",-1.667,FALSE,2
"360095.BARBAKC583_1311","RS06380","BARBAKC583_RS06380","metal ABC transporter substrate-binding protein",-1.025,FALSE,4
"360095.BARBAKC583_1327","dnaJ","BARBAKC583_RS06460","molecular chaperone DnaJ",1.01,FALSE,18
"360095.BARBAKC583_1328","dnaK","BARBAKC583_RS06465","molecular chaperone DnaK",1.835,FALSE,20
"360095.BARBAKC583_1332","RS06475","BARBAKC583_RS06475","response regulator transcription factor",2.273,FALSE,3
"360095.BARBAKC583_1334","grpE","BARBAKC583_RS06485","nucleotide exchange factor GrpE",1.763,FALSE,11
"360095.BARBAKC583_1345","RS06540","BARBAKC583_RS06540","YifB family Mg chelatase-like AAA ATPase",-1.68,FALSE,2
"360095.BARBAKC583_1350","RS06570","BARBAKC583_RS06570","sulfate transporter family protein",-1.105,FALSE,4
"360095.BARBAKC583_1359","RS06615","BARBAKC583_RS06615","peptide chain release factor 3",-1.261,FALSE,8
"360095.BARBAKC583_1361","RS06625","BARBAKC583_RS06625","argininosuccinate synthase",-1.02,FALSE,4
