WP_005765660.1	WP_005765660.1	100.000	503
WP_005765663.1	WP_005765663.1	100.000	618
WP_005765667.1	WP_005765667.1	100.000	481
WP_005765670.1	WP_005765670.1	100.000	401
WP_005765671.1	WP_005765671.1	100.000	604
WP_005765688.1	WP_005765688.1	100.000	1280
WP_005765690.1	WP_005765690.1	100.000	444
WP_005765692.1	WP_005765692.1	100.000	536
WP_005765693.1	WP_005765693.1	100.000	614
WP_005765698.1	WP_005765698.1	100.000	437
WP_005765700.1	WP_005765700.1	100.000	786
WP_005765702.1	WP_005765702.1	100.000	884
WP_005765704.1	WP_005765704.1	100.000	589
WP_005765706.1	WP_005765706.1	100.000	361
WP_005765708.1	WP_005765708.1	100.000	841
WP_005765710.1	WP_005765710.1	100.000	649
WP_005765712.1	WP_005765712.1	100.000	803
WP_005765714.1	WP_005765714.1	100.000	595
WP_005765729.1	WP_005765729.1	100.000	854
WP_005765735.1	WP_005765735.1	100.000	219
WP_005765739.1	WP_005765739.1	100.000	328
WP_005765751.1	WP_005765751.1	100.000	643
WP_005765753.1	WP_005765753.1	100.000	521
WP_005765755.1	WP_005765755.1	100.000	748
WP_005765757.1	WP_005765757.1	100.000	551
WP_005765763.1	WP_005765763.1	100.000	576
WP_005765768.1	WP_005765768.1	100.000	572
WP_005765769.1	WP_005765769.1	100.000	341
WP_005765771.1	WP_005765771.1	100.000	479
WP_005765773.1	WP_005765773.1	100.000	960
WP_005765774.1	WP_005765774.1	100.000	120
WP_005765777.1	WP_005765777.1	100.000	874
WP_005765789.1	WP_005765789.1	100.000	738
WP_005765799.1	WP_005765799.1	100.000	1011
WP_005765801.1	WP_005765801.1	100.000	241
WP_005765808.1	WP_005765808.1	100.000	1183
WP_005765810.1	WP_005765810.1	100.000	1109
WP_005765812.1	WP_005765812.1	100.000	102
WP_005765816.1	WP_005765816.1	100.000	201
WP_005765822.1	WP_005765822.1	100.000	687
WP_005765824.1	WP_005765824.1	100.000	431
WP_005765825.1	WP_005765825.1	100.000	189
WP_005765827.1	WP_005765827.1	100.000	667
WP_005765829.1	WP_005765829.1	100.000	565
WP_005765837.1	WP_005765837.1	100.000	272
WP_005765839.1	WP_005765839.1	100.000	258
WP_005765848.1	WP_005765848.1	100.000	563
WP_005765849.1	WP_005765849.1	100.000	808
WP_005765850.1	WP_005765850.1	100.000	1355
WP_005765851.1	WP_005765851.1	100.000	421
WP_005765852.1	WP_005765852.1	100.000	657
WP_005765853.1	WP_005765853.1	100.000	444
WP_005765864.1	WP_005765864.1	100.000	431
WP_005765868.1	WP_005765868.1	100.000	382
WP_005765873.1	WP_005765873.1	100.000	1090
WP_005765875.1	WP_005765875.1	100.000	276
WP_005765879.1	WP_005765879.1	100.000	674
WP_005765881.1	WP_005765881.1	100.000	859
WP_005765887.1	WP_005765887.1	100.000	124
WP_005765891.1	WP_005765891.1	100.000	229
WP_005765893.1	WP_005765893.1	100.000	1098
WP_005765897.1	WP_005765897.1	100.000	430
WP_005765899.1	WP_005765899.1	100.000	251
WP_005765903.1	WP_005765903.1	100.000	172
WP_005765907.1	WP_005765907.1	100.000	383
WP_005765909.1	WP_005765909.1	100.000	258
WP_005765911.1	WP_005765911.1	100.000	179
WP_005765915.1	WP_005765915.1	100.000	687
WP_005765918.1	WP_005765918.1	100.000	702
WP_005765923.1	WP_005765923.1	100.000	912
WP_005765927.1	WP_005765927.1	100.000	298
WP_005765929.1	WP_005765929.1	100.000	473
WP_005765934.1	WP_005765934.1	100.000	742
WP_005765945.1	WP_005765945.1	100.000	733
WP_005765953.1	WP_005765953.1	100.000	469
WP_005765954.1	WP_005765954.1	100.000	743
WP_005765956.1	WP_005765956.1	100.000	389
WP_005765958.1	WP_005765958.1	100.000	536
WP_005765962.1	WP_005765962.1	100.000	152
WP_005765964.1	WP_005765964.1	100.000	508
WP_005765971.1	WP_005765971.1	100.000	478
WP_005765980.1	WP_005765980.1	100.000	926
WP_005765983.1	WP_005765983.1	100.000	650
WP_005765984.1	WP_005765984.1	100.000	308
WP_005766000.1	WP_005766000.1	100.000	546
WP_005766004.1	WP_005766004.1	100.000	418
WP_005766025.1	WP_005766025.1	100.000	209
WP_005766027.1	WP_005766027.1	100.000	276
WP_005766029.1	WP_005766029.1	100.000	127
WP_005766030.1	WP_005766030.1	100.000	135
WP_005766033.1	WP_005766033.1	100.000	110
WP_005766036.1	WP_005766036.1	100.000	587
WP_005766039.1	WP_005766039.1	100.000	81.6
WP_005766040.1	WP_005766040.1	100.000	795
WP_005766045.1	WP_005766045.1	100.000	332
WP_005766051.1	WP_005766051.1	100.000	148
WP_005766055.1	WP_005766055.1	100.000	124
WP_005766069.1	WP_172952858.1	100.000	96.3
WP_005766089.1	WP_005766089.1	100.000	1014
WP_005766090.1	WP_005766090.1	100.000	688
WP_005766092.1	WP_005766092.1	100.000	810
WP_005766093.1	WP_005766093.1	100.000	135
WP_005766094.1	WP_005766094.1	100.000	135
WP_005766095.1	WP_005766095.1	100.000	678
WP_005766096.1	WP_005766096.1	100.000	201
WP_005766097.1	WP_005766097.1	100.000	447
WP_005766098.1	WP_005766098.1	100.000	172
WP_005766101.1	WP_005766101.1	100.000	263
WP_005766108.1	WP_005766108.1	100.000	440
WP_005766118.1	WP_005766118.1	100.000	162
WP_005766138.1	WP_005766138.1	100.000	239
WP_005766141.1	WP_005766141.1	100.000	188
WP_005766179.1	WP_005766179.1	100.000	877
WP_005766181.1	WP_005766181.1	100.000	1022
WP_005766184.1	WP_005766184.1	100.000	698
WP_005766186.1	WP_005766186.1	100.000	991
WP_005766194.1	WP_005766194.1	100.000	989
WP_005766195.1	WP_005766195.1	100.000	896
WP_005766197.1	WP_005766197.1	100.000	603
WP_005766199.1	WP_005766199.1	100.000	1275
WP_005766201.1	WP_005766201.1	100.000	91.3
WP_005766203.1	WP_005766203.1	100.000	508
WP_005766206.1	WP_005766206.1	100.000	151
WP_005766230.1	WP_005766230.1	100.000	769
WP_005766233.1	WP_005766233.1	100.000	841
WP_005766235.1	WP_005766235.1	100.000	399
WP_005766238.1	WP_005766238.1	100.000	263
WP_005766240.1	WP_005766240.1	100.000	331
WP_005766242.1	WP_005766242.1	100.000	818
WP_005766244.1	WP_005766244.1	100.000	872
WP_005766249.1	WP_005766249.1	100.000	353
WP_005766252.1	WP_005766252.1	100.000	376
WP_005766255.1	WP_005766255.1	100.000	187
WP_005766258.1	WP_005766258.1	100.000	221
WP_005766260.1	WP_005766260.1	100.000	364
WP_005766262.1	WP_005766262.1	100.000	1229
WP_005766264.1	WP_005766264.1	100.000	926
WP_005766267.1	WP_005766267.1	100.000	867
WP_005766269.1	WP_005766269.1	100.000	607
WP_005766272.1	WP_005766272.1	100.000	672
WP_005766273.1	WP_005766273.1	100.000	258
WP_005766275.1	WP_005766275.1	100.000	945
WP_005766282.1	WP_005766282.1	100.000	589
WP_005766299.1	WP_005766299.1	100.000	915
WP_005766301.1	WP_005766301.1	100.000	645
WP_005766305.1	WP_005766305.1	100.000	501
WP_005766307.1	WP_005766307.1	100.000	157
WP_005766309.1	WP_005766309.1	100.000	270
WP_005766317.1	WP_005766317.1	100.000	731
WP_005766325.1	WP_005766325.1	100.000	644
WP_005766326.1	WP_005766326.1	100.000	846
WP_005766328.1	WP_005766328.1	100.000	283
WP_005766340.1	WP_005766340.1	100.000	879
WP_005766344.1	WP_005766344.1	100.000	518
WP_005766349.1	WP_005766349.1	100.000	513
WP_005766355.1	WP_005766355.1	100.000	902
WP_005766357.1	WP_005766357.1	100.000	1146
WP_005766358.1	WP_005766358.1	100.000	446
WP_005766360.1	WP_005766360.1	100.000	965
WP_005766361.1	WP_005766361.1	100.000	295
WP_005766363.1	WP_005766363.1	100.000	491
WP_005766366.1	WP_005766366.1	100.000	141
WP_005766373.1	WP_005766373.1	100.000	664
WP_005766378.1	WP_005766378.1	100.000	540
WP_005766382.1	WP_005766382.1	100.000	127
WP_005766387.1	WP_005766387.1	100.000	654
WP_005766389.1	WP_005766389.1	100.000	966
WP_005766393.1	WP_005766393.1	100.000	358
WP_005766396.1	WP_005766396.1	100.000	870
WP_005766398.1	WP_005766398.1	100.000	680
WP_005766401.1	WP_005766401.1	100.000	430
WP_005766402.1	WP_005766402.1	100.000	612
WP_005766404.1	WP_005766404.1	100.000	556
WP_005766405.1	WP_005766405.1	100.000	749
WP_005766408.1	WP_005766408.1	100.000	166
WP_005766409.1	WP_005766409.1	100.000	1296
WP_005766410.1	WP_005766410.1	100.000	504
WP_005766412.1	WP_005766412.1	100.000	857
WP_005766414.1	WP_005766414.1	100.000	977
WP_005766417.1	WP_005766417.1	100.000	375
WP_005766421.1	WP_005766421.1	100.000	620
WP_005766424.1	WP_005766424.1	100.000	713
WP_005766426.1	WP_005766426.1	100.000	322
WP_005766429.1	WP_005766429.1	100.000	623
WP_005766431.1	WP_005766431.1	100.000	1952
WP_005766436.1	WP_005766436.1	100.000	475
WP_005766451.1	WP_005766451.1	100.000	297
WP_005766453.1	WP_005766453.1	100.000	278
WP_005766455.1	WP_005766455.1	100.000	243
WP_005766457.1	WP_005766457.1	100.000	572
WP_005766461.1	WP_005766461.1	100.000	447
WP_005766464.1	WP_005766464.1	100.000	569
WP_005766468.1	WP_005766468.1	100.000	1315
WP_005766472.1	WP_005766472.1	100.000	1009
WP_005766474.1	WP_005766474.1	100.000	466
WP_005766476.1	WP_005766476.1	100.000	927
WP_005766478.1	WP_005766478.1	100.000	1603
WP_005766485.1	WP_005766485.1	100.000	409
WP_005766504.1	WP_005766504.1	100.000	531
WP_005766507.1	WP_005766507.1	100.000	549
WP_005766509.1	WP_005766509.1	100.000	712
WP_005766511.1	WP_005766511.1	100.000	617
WP_005766524.1	WP_005766524.1	100.000	606
WP_005766527.1	WP_005766527.1	100.000	316
WP_005766532.1	WP_005766532.1	100.000	266
WP_005766536.1	WP_005766536.1	100.000	1542
WP_005766538.1	WP_005766538.1	100.000	388
WP_005766540.1	WP_005766540.1	100.000	405
WP_005766541.1	WP_005766541.1	100.000	276
WP_005766544.1	WP_005766544.1	100.000	530
WP_005766546.1	WP_005766546.1	100.000	486
WP_005766547.1	WP_005766547.1	100.000	620
WP_005766549.1	WP_005766549.1	100.000	503
WP_005766551.1	WP_005766551.1	100.000	571
WP_005766554.1	WP_005766554.1	100.000	560
WP_005766558.1	WP_005766558.1	100.000	593
WP_005766559.1	WP_005766559.1	100.000	912
WP_005766561.1	WP_005766561.1	100.000	1046
WP_005766565.1	WP_005766565.1	100.000	471
WP_005766567.1	WP_005766567.1	100.000	568
WP_005766571.1	WP_005766571.1	100.000	1023
WP_005766573.1	WP_005766573.1	100.000	360
WP_005766575.1	WP_005766575.1	100.000	297
WP_005766577.1	WP_005766577.1	100.000	935
WP_005766578.1	WP_005766578.1	100.000	1017
WP_005766580.1	WP_005766580.1	100.000	362
WP_005766584.1	WP_005766584.1	100.000	166
WP_005766585.1	WP_005766585.1	100.000	278
WP_005766587.1	WP_005766587.1	100.000	394
WP_005766589.1	WP_005766589.1	100.000	629
WP_005766591.1	WP_005766591.1	100.000	502
WP_005766592.1	WP_005766592.1	100.000	151
WP_005766596.1	WP_005766596.1	100.000	754
WP_005766597.1	WP_005766597.1	100.000	459
WP_005766609.1	WP_005766609.1	100.000	117
WP_005766610.1	WP_005766610.1	100.000	167
WP_005766622.1	WP_005766622.1	100.000	1615
WP_005766624.1	WP_005766624.1	100.000	287
WP_005766626.1	WP_005766626.1	100.000	388
WP_005766628.1	WP_005766628.1	100.000	1369
WP_005766630.1	WP_005766630.1	100.000	592
WP_005766632.1	WP_005766632.1	100.000	877
WP_005766634.1	WP_005766634.1	100.000	447
WP_005766641.1	WP_005766641.1	100.000	261
WP_005766643.1	WP_005766643.1	100.000	590
WP_005766656.1	WP_005766656.1	100.000	581
WP_005766659.1	WP_005766659.1	100.000	871
WP_005766662.1	WP_005766662.1	100.000	223
WP_005766664.1	WP_005766664.1	100.000	724
WP_005766667.1	WP_005766667.1	100.000	924
WP_005766668.1	WP_005766668.1	100.000	897
WP_005766670.1	WP_005766670.1	100.000	991
WP_005766672.1	WP_005766672.1	100.000	658
WP_005766674.1	WP_005766674.1	100.000	323
WP_005766680.1	WP_005766680.1	100.000	1514
WP_005766681.1	WP_005766681.1	100.000	915
WP_005766685.1	WP_005766685.1	100.000	437
WP_005766687.1	WP_005766687.1	100.000	867
WP_005766693.1	WP_005766693.1	100.000	969
WP_005766695.1	WP_005766695.1	100.000	954
WP_005766696.1	WP_005766696.1	100.000	1027
WP_005766698.1	WP_005766698.1	100.000	277
WP_005766704.1	WP_005766704.1	100.000	483
WP_005766706.1	WP_005766706.1	100.000	565
WP_005766710.1	WP_005766710.1	100.000	134
WP_005766712.1	WP_005766712.1	100.000	352
WP_005766713.1	WP_005766713.1	100.000	288
WP_005766717.1	WP_005766717.1	100.000	343
WP_005766723.1	WP_005766723.1	100.000	478
WP_005766734.1	WP_005766734.1	100.000	922
WP_005766739.1	WP_005766739.1	100.000	1610
WP_005766741.1	WP_005766741.1	100.000	289
WP_005766743.1	WP_005766743.1	100.000	305
WP_005766745.1	WP_005766745.1	100.000	564
WP_005766749.1	WP_005766749.1	100.000	610
WP_005766751.1	WP_005766751.1	100.000	481
WP_005766753.1	WP_005766753.1	100.000	376
WP_005766755.1	WP_005766755.1	100.000	523
WP_005766757.1	WP_005766757.1	100.000	1622
WP_005766759.1	WP_005766759.1	100.000	706
WP_005766761.1	WP_005766761.1	100.000	311
WP_005766762.1	WP_005766762.1	100.000	560
WP_005766766.1	WP_005766766.1	100.000	807
WP_005766768.1	WP_005766768.1	100.000	541
WP_005766770.1	WP_005766770.1	100.000	469
WP_005766771.1	WP_005766771.1	100.000	475
WP_005766773.1	WP_005766773.1	100.000	518
WP_005766775.1	WP_005766775.1	100.000	905
WP_005766777.1	WP_005766777.1	100.000	981
WP_005766779.1	WP_005766779.1	100.000	469
WP_005766781.1	WP_005766781.1	100.000	366
WP_005766785.1	WP_005766785.1	100.000	950
WP_005766787.1	WP_005766787.1	100.000	1153
WP_005766789.1	WP_005766789.1	100.000	941
WP_005766791.1	WP_005766791.1	100.000	952
WP_005766794.1	WP_005766794.1	100.000	535
WP_005766798.1	WP_005766798.1	100.000	242
WP_005766800.1	WP_005766800.1	100.000	320
WP_005766814.1	WP_005766814.1	100.000	243
WP_005766818.1	WP_005766818.1	100.000	706
WP_005766822.1	WP_005766822.1	100.000	188
WP_005766823.1	WP_005766823.1	100.000	1586
WP_005766824.1	WP_005766824.1	100.000	3117
WP_005766825.1	WP_005766825.1	100.000	164
WP_005766826.1	WP_005766826.1	100.000	941
WP_005766830.1	WP_005766830.1	100.000	724
WP_005766832.1	WP_005766832.1	100.000	648
WP_005766834.1	WP_005766834.1	100.000	891
WP_005766835.1	WP_005766835.1	100.000	319
WP_005766837.1	WP_005766837.1	100.000	773
WP_005766840.1	WP_005766840.1	100.000	426
WP_005766842.1	WP_005766842.1	100.000	315
WP_005766844.1	WP_005766844.1	100.000	315
WP_005766845.1	WP_005766845.1	100.000	314
WP_005766847.1	WP_005766847.1	100.000	377
WP_005766851.1	WP_005766851.1	100.000	663
WP_005766852.1	WP_005766852.1	100.000	209
WP_005766853.1	WP_005766853.1	100.000	345
WP_005766857.1	WP_005766857.1	100.000	247
WP_005766859.1	WP_005766859.1	100.000	299
WP_005766860.1	WP_005766860.1	100.000	426
WP_005766862.1	WP_005766862.1	100.000	837
WP_005766867.1	WP_005766867.1	100.000	452
WP_005766870.1	WP_005766870.1	100.000	384
WP_005766872.1	WP_005766872.1	100.000	1881
WP_005766875.1	WP_005766875.1	100.000	472
WP_005766877.1	WP_005766877.1	100.000	509
WP_005766882.1	WP_005766882.1	100.000	553
WP_005766884.1	WP_005766884.1	100.000	244
WP_005766885.1	WP_005766885.1	100.000	317
WP_005766888.1	WP_005766888.1	100.000	1422
WP_005766892.1	WP_005766892.1	100.000	790
WP_005766894.1	WP_005766894.1	100.000	207
WP_005766896.1	WP_005766896.1	100.000	498
WP_005766898.1	WP_005766898.1	100.000	416
WP_005766900.1	WP_005766900.1	100.000	193
WP_005766902.1	WP_005766902.1	100.000	565
WP_005766905.1	WP_005766905.1	100.000	189
WP_005766907.1	WP_005766907.1	100.000	256
WP_005766909.1	WP_005766909.1	100.000	483
WP_005766912.1	WP_005766912.1	100.000	275
WP_005766913.1	WP_005766913.1	100.000	128
WP_005766915.1	WP_005766915.1	100.000	160
WP_005766917.1	WP_005766917.1	100.000	239
WP_005766919.1	WP_005766919.1	100.000	206
WP_005766936.1	WP_005766936.1	100.000	381
WP_005766938.1	WP_005766938.1	100.000	201
WP_005766942.1	WP_005766942.1	100.000	351
WP_005766945.1	WP_005766945.1	100.000	241
WP_005766947.1	WP_005766947.1	100.000	382
WP_005766949.1	WP_005766949.1	100.000	135
WP_005766951.1	WP_005766951.1	100.000	303
WP_005766957.1	WP_005766957.1	100.000	902
WP_005766958.1	WP_005766958.1	100.000	384
WP_005766959.1	WP_005766959.1	100.000	246
WP_005766960.1	WP_005766960.1	100.000	263
WP_005766962.1	WP_005766962.1	100.000	286
WP_005766965.1	WP_005766965.1	100.000	931
WP_005766967.1	WP_005766967.1	100.000	911
WP_005766971.1	WP_005766971.1	100.000	697
WP_005766976.1	WP_005766976.1	100.000	1821
WP_005766978.1	WP_005766978.1	100.000	1221
WP_005766983.1	WP_005766983.1	100.000	678
WP_005766984.1	WP_005766984.1	100.000	538
WP_005766985.1	WP_005766985.1	100.000	370
WP_005766991.1	WP_005766991.1	100.000	975
WP_005766993.1	WP_005766993.1	100.000	1997
WP_005766996.1	WP_005766996.1	100.000	362
WP_005766998.1	WP_005766998.1	100.000	330
WP_005767001.1	WP_005767001.1	100.000	391
WP_005767002.1	WP_005767002.1	100.000	350
WP_005767004.1	WP_005767004.1	100.000	783
WP_005767012.1	WP_005767012.1	100.000	930
WP_005767014.1	WP_005767014.1	100.000	840
WP_005767018.1	WP_005767018.1	100.000	434
WP_005767020.1	WP_005767020.1	100.000	766
WP_005767022.1	WP_005767022.1	100.000	1705
WP_005767024.1	WP_005767024.1	100.000	1216
WP_005767026.1	WP_005767026.1	100.000	832
WP_005767028.1	WP_005767028.1	100.000	216
WP_005767030.1	WP_005767030.1	100.000	647
WP_005767032.1	WP_005767032.1	100.000	484
WP_005767034.1	WP_005767034.1	100.000	915
WP_005767036.1	WP_005767036.1	100.000	1253
WP_005767039.1	WP_005767039.1	100.000	1221
WP_005767040.1	WP_005767040.1	100.000	1347
WP_005767041.1	WP_005767041.1	100.000	918
WP_005767042.1	WP_005767042.1	100.000	324
WP_005767043.1	WP_005767043.1	100.000	577
WP_005767044.1	WP_005767044.1	100.000	420
WP_005767046.1	WP_005767046.1	100.000	809
WP_005767047.1	WP_005767047.1	100.000	466
WP_005767048.1	WP_005767048.1	100.000	214
WP_005767060.1	WP_005767060.1	100.000	240
WP_005767062.1	WP_005767062.1	100.000	404
WP_005767064.1	WP_005767064.1	100.000	421
WP_005767066.1	WP_005767066.1	100.000	817
WP_005767068.1	WP_005767068.1	100.000	469
WP_005767070.1	WP_005767070.1	100.000	898
WP_005767074.1	WP_005767074.1	100.000	683
WP_005767077.1	WP_005767077.1	100.000	403
WP_005767079.1	WP_005767079.1	100.000	193
WP_005767081.1	WP_005767081.1	100.000	1316
WP_005767083.1	WP_005767083.1	100.000	984
WP_005767085.1	WP_005767085.1	100.000	950
WP_005767091.1	WP_005767091.1	100.000	916
WP_005767093.1	WP_005767093.1	100.000	854
WP_005767095.1	WP_005767095.1	100.000	460
WP_005767097.1	WP_005767097.1	100.000	201
WP_005767099.1	WP_005767099.1	100.000	2390
WP_005767101.1	WP_005767101.1	100.000	423
WP_005767112.1	WP_005767112.1	100.000	324
WP_005767115.1	WP_005767115.1	100.000	857
WP_005767119.1	WP_005767119.1	100.000	784
WP_005767122.1	WP_005767122.1	100.000	1051
WP_005767124.1	WP_005767124.1	100.000	509
WP_005767126.1	WP_005767126.1	100.000	860
WP_005767128.1	WP_005767128.1	100.000	863
WP_005767144.1	WP_005767144.1	100.000	569
WP_005767146.1	WP_005767146.1	100.000	533
WP_005767147.1	WP_005767147.1	100.000	1088
WP_005767149.1	WP_005767149.1	100.000	711
WP_005767151.1	WP_005767151.1	100.000	437
WP_005767158.1	WP_005767158.1	100.000	571
WP_005767165.1	WP_005767165.1	100.000	577
WP_005767167.1	WP_005767167.1	100.000	423
WP_005767169.1	WP_005767169.1	100.000	562
WP_005767173.1	WP_005767173.1	100.000	577
WP_005767175.1	WP_005767175.1	100.000	546
WP_005767176.1	WP_005767176.1	100.000	141
WP_005767179.1	WP_005767179.1	100.000	533
WP_005767181.1	WP_005767181.1	100.000	335
WP_005767186.1	WP_005767186.1	100.000	189
WP_005767188.1	WP_005767188.1	100.000	323
WP_005767190.1	WP_005767190.1	100.000	1117
WP_005767192.1	WP_005767192.1	100.000	662
WP_005767194.1	WP_005767194.1	100.000	875
WP_005767196.1	WP_005767196.1	100.000	417
WP_005767198.1	WP_005767198.1	100.000	804
WP_005767200.1	WP_005767200.1	100.000	140
WP_005767215.1	WP_005767215.1	100.000	108
WP_005767222.1	WP_005767222.1	100.000	327
WP_005767250.1	WP_005767250.1	100.000	352
WP_005767254.1	WP_005767254.1	100.000	464
WP_005767258.1	WP_005767258.1	100.000	379
WP_005767260.1	WP_005767260.1	100.000	520
WP_005767262.1	WP_005767262.1	100.000	159
WP_005767264.1	WP_005767264.1	100.000	461
WP_005767266.1	WP_005767266.1	100.000	1516
WP_005767268.1	WP_005767268.1	100.000	159
WP_005767270.1	WP_005767270.1	100.000	228
WP_005767274.1	WP_005767274.1	100.000	1239
WP_005767276.1	WP_005767276.1	100.000	175
WP_005767277.1	WP_005767277.1	100.000	870
WP_005767278.1	WP_005767278.1	100.000	2402
WP_005767280.1	WP_005767280.1	100.000	957
WP_005767292.1	WP_005767292.1	100.000	1670
WP_005767294.1	WP_005767294.1	100.000	629
WP_005767296.1	WP_011807373.1	99.620	1056
WP_005767322.1	WP_005767322.1	100.000	498
WP_005767325.1	WP_005767325.1	100.000	1436
WP_005767328.1	WP_005767328.1	100.000	1216
WP_005767330.1	WP_005767330.1	100.000	317
WP_005767333.1	WP_005767333.1	100.000	328
WP_005767335.1	WP_005767335.1	100.000	242
WP_005767371.1	WP_005767371.1	100.000	498
WP_005767374.1	WP_005767374.1	100.000	769
WP_005767377.1	WP_005767377.1	100.000	174
WP_005767379.1	WP_005767379.1	100.000	995
WP_005767382.1	WP_005767382.1	100.000	583
WP_005767386.1	WP_005767386.1	100.000	348
WP_005767388.1	WP_005767388.1	100.000	551
WP_005767392.1	WP_005767392.1	100.000	203
WP_005767394.1	WP_005767394.1	100.000	359
WP_005767396.1	WP_005767396.1	100.000	119
WP_005767398.1	WP_005767398.1	100.000	1699
WP_005767400.1	WP_005767400.1	100.000	441
WP_005767404.1	WP_005767404.1	100.000	599
WP_005767415.1	WP_005767415.1	100.000	594
WP_005767421.1	WP_005767421.1	100.000	881
WP_005767425.1	WP_005767425.1	100.000	634
WP_005767427.1	WP_005767427.1	100.000	672
WP_005767430.1	WP_005767430.1	100.000	775
WP_005767434.1	WP_005767434.1	100.000	969
WP_005767435.1	WP_005767435.1	100.000	699
WP_005767436.1	WP_005767436.1	100.000	966
WP_005767438.1	WP_005767438.1	100.000	991
WP_005767442.1	WP_005767442.1	100.000	268
WP_005767445.1	WP_005767445.1	100.000	665
WP_005767447.1	WP_005767447.1	100.000	236
WP_005767450.1	WP_005767450.1	100.000	1129
WP_005767452.1	WP_005767452.1	100.000	421
WP_005767454.1	WP_005767454.1	100.000	694
WP_005767459.1	WP_005767459.1	100.000	122
WP_005767461.1	WP_005767461.1	100.000	501
WP_005767462.1	WP_005767462.1	100.000	1355
WP_005767466.1	WP_005767466.1	100.000	157
WP_005767469.1	WP_005767469.1	100.000	806
WP_005767473.1	WP_005767473.1	100.000	2391
WP_005767476.1	WP_005767476.1	100.000	141
WP_005767479.1	WP_005767479.1	100.000	829
WP_005767481.1	WP_005767481.1	100.000	626
WP_005767483.1	WP_005767483.1	100.000	655
WP_005767485.1	WP_005767485.1	100.000	916
WP_005767487.1	WP_005767487.1	100.000	725
WP_005767489.1	WP_005767489.1	100.000	316
WP_005767491.1	WP_005767491.1	100.000	1609
WP_005767493.1	WP_005767493.1	100.000	358
WP_005767499.1	WP_005767499.1	100.000	477
WP_005767501.1	WP_005767501.1	100.000	911
WP_005767503.1	WP_005767503.1	100.000	344
WP_005767509.1	WP_005767509.1	100.000	176
WP_005767534.1	WP_005767534.1	100.000	325
WP_005767536.1	WP_005767536.1	100.000	856
WP_005767548.1	WP_005767548.1	100.000	609
WP_005767552.1	WP_005767552.1	100.000	801
WP_005767554.1	WP_005767554.1	100.000	189
WP_005767556.1	WP_005767556.1	100.000	263
WP_005767557.1	WP_005767557.1	100.000	471
WP_005767559.1	WP_005767559.1	100.000	436
WP_005767566.1	WP_005767566.1	100.000	659
WP_005767569.1	WP_005767569.1	100.000	536
WP_005767571.1	WP_005767571.1	100.000	593
WP_005767573.1	WP_005767573.1	100.000	618
WP_005767578.1	WP_005767578.1	100.000	1106
WP_005767582.1	WP_005767582.1	100.000	978
WP_005767584.1	WP_005767584.1	100.000	179
WP_005767588.1	WP_005767588.1	100.000	504
WP_005767590.1	WP_005767590.1	100.000	622
WP_005767593.1	WP_005767593.1	100.000	1146
WP_005767595.1	WP_005767595.1	100.000	540
WP_005767598.1	WP_005767598.1	100.000	248
WP_005767599.1	WP_005767599.1	100.000	597
WP_005767601.1	WP_005767601.1	100.000	468
WP_005767603.1	WP_005767603.1	100.000	733
WP_005767604.1	WP_005767604.1	100.000	83.6
WP_005767606.1	WP_005767606.1	100.000	243
WP_005767608.1	WP_005767608.1	100.000	1258
WP_005767609.1	WP_005767609.1	100.000	445
WP_005767611.1	WP_005767611.1	100.000	471
WP_005767613.1	WP_005767613.1	100.000	548
WP_005767615.1	WP_005767615.1	100.000	425
WP_005767620.1	WP_005767620.1	100.000	448
WP_005767624.1	WP_005767624.1	100.000	189
WP_005767625.1	WP_005767625.1	100.000	229
WP_005767633.1	WP_005767633.1	100.000	182
WP_005767636.1	WP_005767636.1	100.000	207
WP_005767638.1	WP_005767638.1	100.000	220
WP_005767639.1	WP_005767639.1	100.000	514
WP_005767646.1	WP_005767646.1	100.000	144
WP_005767668.1	WP_005767668.1	100.000	778
WP_005767671.1	WP_005767671.1	100.000	639
WP_005767674.1	WP_005767674.1	100.000	575
WP_005767677.1	WP_005767677.1	100.000	248
WP_005767678.1	WP_005767678.1	100.000	768
WP_005767679.1	WP_005767679.1	100.000	450
WP_005767680.1	WP_005767680.1	100.000	118
WP_005767682.1	WP_005767682.1	100.000	115
WP_005767683.1	WP_005767683.1	100.000	706
WP_005767694.1	WP_005767694.1	100.000	555
WP_005767700.1	WP_005767700.1	100.000	329
WP_005767710.1	WP_005767710.1	100.000	625
WP_005767713.1	WP_005767713.1	100.000	625
WP_005767717.1	WP_005767717.1	100.000	515
WP_005767719.1	WP_005767719.1	100.000	171
WP_005767721.1	WP_005767721.1	100.000	379
WP_005767722.1	WP_005767722.1	100.000	275
WP_005767724.1	WP_005767724.1	100.000	246
WP_005767726.1	WP_005767726.1	100.000	728
WP_005767728.1	WP_005767728.1	100.000	930
WP_005767730.1	WP_005767730.1	100.000	824
WP_005767732.1	WP_005767732.1	100.000	458
WP_005767738.1	WP_005767738.1	100.000	401
WP_005767740.1	WP_005767740.1	100.000	880
WP_005767744.1	WP_005767744.1	100.000	744
WP_005767746.1	WP_005767746.1	100.000	493
WP_005767748.1	WP_005767748.1	100.000	1119
WP_005767758.1	WP_005767758.1	100.000	486
WP_005767760.1	WP_005767760.1	100.000	329
WP_005767762.1	WP_005767762.1	100.000	464
WP_005767766.1	WP_005767766.1	100.000	829
WP_005767768.1	WP_005767768.1	100.000	300
WP_005767773.1	WP_005767773.1	100.000	217
WP_005767776.1	WP_005767776.1	100.000	280
WP_005767779.1	WP_005767779.1	100.000	265
WP_005767781.1	WP_005767781.1	100.000	1095
WP_005767784.1	WP_005767784.1	100.000	488
WP_005767788.1	WP_005767788.1	100.000	543
WP_005767791.1	WP_005767791.1	100.000	596
WP_005767793.1	WP_005767793.1	100.000	672
WP_005767802.1	WP_005767802.1	100.000	720
WP_005767804.1	WP_005767804.1	100.000	722
WP_005767806.1	WP_005767806.1	100.000	337
WP_005767810.1	WP_005767810.1	100.000	303
WP_005767811.1	WP_005767811.1	100.000	396
WP_005767813.1	WP_005767813.1	100.000	259
WP_005767815.1	WP_005767815.1	100.000	523
WP_005767817.1	WP_005767817.1	100.000	1399
WP_005767821.1	WP_005767821.1	100.000	227
WP_005767823.1	WP_005767823.1	100.000	107
WP_005767824.1	WP_005767824.1	100.000	677
WP_005767826.1	WP_005767826.1	100.000	582
WP_005767829.1	WP_005767829.1	100.000	1041
WP_005767831.1	WP_005767831.1	100.000	738
WP_005767835.1	WP_005767835.1	100.000	361
WP_005767837.1	WP_005767837.1	100.000	396
WP_005767840.1	WP_005767840.1	100.000	1075
WP_005767842.1	WP_005767842.1	100.000	196
WP_005767844.1	WP_005767844.1	100.000	952
WP_005767846.1	WP_005767846.1	100.000	1126
WP_005767848.1	WP_005767848.1	100.000	367
WP_005767850.1	WP_005767850.1	100.000	1016
WP_005767854.1	WP_005767854.1	100.000	1340
WP_005767865.1	WP_005767865.1	100.000	625
WP_005767866.1	WP_005767866.1	100.000	960
WP_005767867.1	WP_005767867.1	100.000	345
WP_005767868.1	WP_005767868.1	100.000	441
WP_005767869.1	WP_005767869.1	100.000	452
WP_005767870.1	WP_005767870.1	100.000	954
WP_005767874.1	WP_005767874.1	100.000	743
WP_005767876.1	WP_005767876.1	100.000	1258
WP_005767877.1	WP_005767877.1	100.000	162
WP_005767879.1	WP_005767879.1	100.000	700
WP_005767881.1	WP_005767881.1	100.000	907
WP_005767883.1	WP_005767883.1	100.000	513
WP_005767885.1	WP_005767885.1	100.000	161
WP_005767886.1	WP_005767886.1	100.000	904
WP_005767888.1	WP_005767888.1	100.000	370
WP_005767890.1	WP_005767890.1	100.000	1025
WP_005767892.1	WP_005767892.1	100.000	308
WP_005767902.1	WP_005767902.1	100.000	575
WP_005767908.1	WP_005767908.1	100.000	1322
WP_005767914.1	WP_005767914.1	100.000	975
WP_005767917.1	WP_005767917.1	100.000	602
WP_005767919.1	WP_005767919.1	100.000	861
WP_005767923.1	WP_005767923.1	100.000	485
WP_005767925.1	WP_005767925.1	100.000	522
WP_005767943.1	WP_005767943.1	100.000	388
WP_005767945.1	WP_005767945.1	100.000	492
WP_005767951.1	WP_005767951.1	100.000	402
WP_005767953.1	WP_005767953.1	100.000	474
WP_005767955.1	WP_005767955.1	100.000	337
WP_005767962.1	WP_005767962.1	100.000	325
WP_005767965.1	WP_005767965.1	100.000	695
WP_005767968.1	WP_005767968.1	100.000	1097
WP_005767971.1	WP_005767971.1	100.000	282
WP_005767976.1	WP_005767976.1	100.000	485
WP_005767980.1	WP_005767980.1	100.000	1086
WP_005767982.1	WP_005767982.1	100.000	432
WP_005767983.1	WP_005767983.1	100.000	1721
WP_005767991.1	WP_005767991.1	100.000	181
WP_005767995.1	WP_005767995.1	100.000	692
WP_005767996.1	WP_005767996.1	100.000	875
WP_005767998.1	WP_005767998.1	100.000	391
WP_005768003.1	WP_005768003.1	100.000	645
WP_005768006.1	WP_005768006.1	100.000	591
WP_005768008.1	WP_005768008.1	100.000	382
WP_005768012.1	WP_005768012.1	100.000	348
WP_005768014.1	WP_005768014.1	100.000	841
WP_005768015.1	WP_005768015.1	100.000	565
WP_005768019.1	WP_005768019.1	100.000	252
WP_005768021.1	WP_005768021.1	100.000	446
WP_005768023.1	WP_005768023.1	100.000	1345
WP_005768025.1	WP_005768025.1	100.000	668
WP_005768027.1	WP_005768027.1	100.000	331
WP_005768028.1	WP_005768028.1	100.000	787
WP_005768031.1	WP_005768031.1	100.000	758
WP_005768036.1	WP_005768036.1	100.000	173
WP_005768038.1	WP_005768038.1	100.000	1857
WP_005768040.1	WP_005768040.1	100.000	431
WP_005768042.1	WP_005768042.1	100.000	428
WP_005768047.1	WP_005768047.1	100.000	163
WP_005768049.1	WP_005768049.1	100.000	426
WP_005768052.1	WP_005768052.1	100.000	368
WP_005768054.1	WP_005768054.1	100.000	828
WP_005768057.1	WP_005768057.1	100.000	648
WP_005768066.1	WP_005768066.1	100.000	356
WP_005768069.1	WP_005768069.1	100.000	324
WP_005768075.1	WP_005768075.1	100.000	1887
WP_005768077.1	WP_005768077.1	100.000	242
WP_005768078.1	WP_005768078.1	100.000	900
WP_005768080.1	WP_005768080.1	100.000	437
WP_005768082.1	WP_005768082.1	100.000	1144
WP_005768084.1	WP_035453288.1	100.000	5959
WP_005768086.1	WP_005768086.1	100.000	881
WP_005768088.1	WP_005768088.1	100.000	584
WP_005768090.1	WP_005768090.1	100.000	560
WP_005768092.1	WP_005768092.1	100.000	578
WP_005768094.1	WP_005768094.1	100.000	619
WP_005768096.1	WP_005768096.1	100.000	1640
WP_005768098.1	WP_005768098.1	100.000	749
WP_005768100.1	WP_005768100.1	100.000	268
WP_005768101.1	WP_005768101.1	100.000	135
WP_005768102.1	WP_005768102.1	100.000	523
WP_005768104.1	WP_005768104.1	100.000	771
WP_005768105.1	WP_005768105.1	100.000	369
WP_005768106.1	WP_005768106.1	100.000	631
WP_005768107.1	WP_005768107.1	100.000	516
WP_005768108.1	WP_005768108.1	100.000	569
WP_005768109.1	WP_005768109.1	100.000	582
WP_005768110.1	WP_005768110.1	100.000	1231
WP_005768111.1	WP_005768111.1	100.000	599
WP_005768112.1	WP_005768112.1	100.000	603
WP_005768114.1	WP_005768114.1	100.000	783
WP_005768116.1	WP_005768116.1	100.000	1276
WP_005768122.1	WP_005768122.1	100.000	456
WP_005768124.1	WP_005768124.1	100.000	446
WP_005768125.1	WP_005768125.1	100.000	815
WP_005768126.1	WP_005768126.1	100.000	807
WP_005768129.1	WP_005768129.1	100.000	350
WP_005768130.1	WP_005768130.1	100.000	1197
WP_005768147.1	WP_005768147.1	100.000	1040
WP_005768151.1	WP_005768151.1	100.000	540
WP_005768153.1	WP_005768153.1	100.000	1099
WP_005768168.1	WP_005768168.1	100.000	219
WP_005768172.1	WP_005768172.1	100.000	1147
WP_005768174.1	WP_005768174.1	100.000	829
WP_005768178.1	WP_005768178.1	100.000	424
WP_005768181.1	WP_005768181.1	100.000	858
WP_005768183.1	WP_005768183.1	100.000	308
WP_005768184.1	WP_005768184.1	100.000	201
WP_005768187.1	WP_005768187.1	100.000	534
WP_005768189.1	WP_005768189.1	100.000	401
WP_005768191.1	WP_005768191.1	100.000	447
WP_005768193.1	WP_005768193.1	100.000	187
WP_005768203.1	WP_005768203.1	100.000	565
WP_005768206.1	WP_005768206.1	100.000	323
WP_011807237.1	WP_011807237.1	100.000	572
WP_011807248.1	WP_011807248.1	100.000	290
WP_011807258.1	WP_011807258.1	100.000	615
WP_011807322.1	WP_011807322.1	100.000	323
WP_011807323.1	WP_011807323.1	100.000	296
WP_011807325.1	WP_011807325.1	100.000	570
WP_011807326.1	WP_011807326.1	100.000	147
WP_011807327.1	WP_011807327.1	100.000	1344
WP_011807328.1	WP_011807328.1	100.000	107
WP_011807332.1	WP_011807332.1	100.000	1662
WP_011807338.1	WP_011807338.1	100.000	277
WP_011807347.1	WP_011807347.1	100.000	353
WP_011807349.1	WP_011807349.1	100.000	621
WP_011807356.1	WP_011807356.1	100.000	735
WP_011807361.1	WP_011807361.1	100.000	768
WP_011807366.1	WP_011807366.1	100.000	569
WP_011807367.1	WP_011807367.1	100.000	442
WP_011807371.1	WP_011807371.1	100.000	352
WP_011807385.1	WP_011807385.1	100.000	627
WP_011807395.1	WP_011807395.1	100.000	558
WP_011807396.1	WP_011807396.1	100.000	398
WP_011807398.1	WP_011807398.1	100.000	756
WP_011807415.1	WP_011807415.1	100.000	504
WP_011807418.1	WP_011807418.1	100.000	371
WP_011807419.1	WP_011807419.1	100.000	270
WP_011807428.1	WP_011807428.1	100.000	588
WP_011807432.1	WP_011807432.1	100.000	766
WP_011807433.1	WP_011807433.1	100.000	879
WP_011807434.1	WP_011807434.1	100.000	427
WP_011807436.1	WP_011807436.1	100.000	684
WP_011807437.1	WP_011807437.1	100.000	969
WP_011807439.1	WP_011807439.1	100.000	1073
WP_011807442.1	WP_011807442.1	100.000	522
WP_011807449.1	WP_011807449.1	100.000	352
WP_011807453.1	WP_011807453.1	100.000	165
WP_035453010.1	WP_035453010.1	100.000	436
WP_035453032.1	WP_035453032.1	100.000	350
WP_035453066.1	WP_035453066.1	100.000	516
WP_035453077.1	WP_035453077.1	100.000	952
WP_035453082.1	WP_005766821.1	100.000	246
WP_035453088.1	WP_035453088.1	100.000	815
WP_035453092.1	WP_035453092.1	100.000	371
WP_035453098.1	WP_035453098.1	100.000	389
WP_035453124.1	WP_035453124.1	100.000	157
WP_035453156.1	WP_035453156.1	100.000	882
WP_035453167.1	WP_035453167.1	100.000	454
WP_035453280.1	WP_035453280.1	100.000	348
WP_035453351.1	WP_035453351.1	100.000	411
WP_035453357.1	WP_035453357.1	100.000	1311
WP_035453368.1	WP_035453368.1	100.000	181
WP_035453739.1	WP_005767428.1	99.789	981
WP_035453745.1	WP_005767402.1	99.479	390
WP_035453803.1	WP_005767256.1	99.770	893
WP_035453860.1	WP_005767105.1	98.786	831
WP_035453875.1	WP_005767075.1	99.387	336
WP_035453988.1	WP_005766940.1	99.242	264
WP_035454126.1	WP_005766748.1	99.631	555
WP_035454128.1	WP_005766718.1	99.194	222
WP_035454131.1	WP_005766715.1	99.569	459
WP_035454144.1	WP_005766683.1	99.782	927
WP_035454169.1	WP_005766651.1	97.987	282
WP_035454172.1	WP_005766648.1	99.213	521
WP_035454175.1	WP_005766646.1	98.569	1269
WP_035454178.1	WP_005766639.1	98.701	298
WP_035454180.1	WP_005766636.1	99.748	811
WP_035454202.1	WP_005766608.1	97.987	311
WP_035454205.1	WP_005766607.1	98.232	786
WP_035454208.1	WP_011807331.1	98.898	727
WP_035454214.1	WP_005766601.1	99.702	686
WP_035454224.1	WP_005766594.1	99.524	849
WP_035454242.1	WP_005766569.1	99.197	504
WP_035454244.1	WP_005766563.1	99.841	1285
WP_035454319.1	WP_005766443.1	91.463	316
WP_035454322.1	WP_005766441.1	98.567	720
WP_035454342.1	WP_005766407.1	99.730	758
WP_035454358.1	WP_005766374.1	99.653	1182
WP_035454360.1	WP_005766371.1	99.730	1504
WP_035454363.1	WP_005766369.1	99.371	313
WP_035454366.1	WP_005766367.1	99.468	378
WP_035454379.1	WP_011807312.1	99.441	1483
WP_035454382.1	WP_005766303.1	99.655	551
WP_035454385.1	WP_005766297.1	98.980	586
WP_035454388.1	WP_005766295.1	99.293	558
WP_035454391.1	WP_005766292.1	97.391	696
WP_035454394.1	WP_005766289.1	99.167	491
WP_035454396.1	WP_005766286.1	99.807	1063
WP_035454398.1	WP_005766284.1	98.832	878
WP_035454401.1	WP_005766280.1	99.800	1005
WP_035454437.1	WP_005766207.1	99.735	764
WP_035454448.1	WP_005766146.1	99.741	787
WP_035454513.1	WP_005766222.1	99.448	368
WP_035454575.1	WP_005766084.1	99.744	804
WP_035454577.1	WP_005766082.1	94.921	610
WP_035454614.1	WP_005766023.1	94.495	130
WP_035454625.1	WP_005766002.1	99.474	380
WP_035454646.1	WP_035453254.1	99.508	1247
WP_035454669.1	WP_005765843.1	99.614	539
WP_035454671.1	WP_005765841.1	99.675	1272
WP_035454680.1	WP_005765794.1	96.863	521
WP_035454684.1	WP_005765787.1	99.296	299
WP_035454692.1	WP_005765766.1	99.424	706
WP_035454710.1	WP_005765741.1	96.923	253
WP_035454712.1	WP_005765740.1	98.925	174
WP_035454714.1	WP_011807240.1	99.630	1077
WP_035454716.1	WP_005765731.1	99.452	754
WP_035454718.1	WP_005765717.1	99.145	936
WP_035454750.1	WP_005765673.1	96.465	391
WP_035454891.1	WP_005767993.1	99.864	1499
WP_035454904.1	WP_005767957.1	99.782	956
WP_035454928.1	WP_005767905.1	99.074	222
WP_035454931.1	WP_005767899.1	98.000	585
WP_035455113.1	WP_005767664.1	98.370	738
WP_035455147.1	WP_005765791.1	98.894	907
WP_035455152.1	WP_005765696.1	99.371	319
WP_035463737.1	WP_005765938.1	98.802	337
WP_035463738.1	WP_005765936.1	99.539	439
WP_035463757.1	WP_005765917.1	99.500	823
WP_035463766.1	WP_005765885.1	99.580	496
WP_035463768.1	WP_005765883.1	99.333	600
WP_035463770.1	WP_011807254.1	99.629	1078
WP_035463772.1	WP_005765871.1	99.338	616
WP_035463774.1	WP_005765870.1	99.804	1034
WP_035463776.1	WP_011807252.1	99.329	1506
WP_035463778.1	WP_005765858.1	99.078	436
WP_035463779.1	WP_005765857.1	97.917	391
WP_035463781.1	WP_005765856.1	97.714	1793
WP_035463782.1	WP_005765855.1	99.558	468
WP_035463784.1	WP_005765854.1	99.693	1360
WP_035463786.1	WP_005765847.1	97.143	424
WP_035463788.1	WP_005765833.1	99.138	474
WP_035463790.1	WP_011807247.1	98.953	383
WP_035463792.1	WP_005765820.1	96.197	1271
WP_035463793.1	WP_005765818.1	98.182	436
WP_035463795.1	WP_005765814.1	95.522	524
WP_035463796.1	WP_005765806.1	99.561	929
WP_035463798.1	WP_011807246.1	98.251	698
WP_035463800.1	WP_005765802.1	97.059	135
WP_035463802.1	WP_005765797.1	99.541	454
WP_035463804.1	WP_005765792.1	99.247	1078
WP_035463808.1	WP_005765783.1	99.123	462
WP_035463810.1	WP_005765781.1	99.590	505
WP_035463812.1	WP_005765779.1	98.882	1642
WP_035463814.1	WP_005765764.1	99.621	533
WP_035463817.1	WP_005765749.1	99.359	642
WP_035463818.1	WP_005765747.1	97.596	428
WP_035463820.1	WP_005765745.1	98.936	764
WP_035463823.1	WP_005765733.1	99.589	1934
WP_035463824.1	WP_005765716.1	99.252	807
WP_035463825.1	WP_005765686.1	99.310	882
WP_035463826.1	WP_011807238.1	99.287	848
WP_035463827.1	WP_005765665.1	99.897	1999
WP_035463828.1	WP_005768166.1	99.827	2383
WP_035463830.1	WP_005768165.1	97.256	2102
WP_035463832.1	WP_005768164.1	99.195	1023
WP_035463833.1	WP_005768163.1	99.393	1690
WP_035463838.1	WP_005768157.1	99.673	633
WP_035463839.1	WP_005768156.1	97.908	466
WP_035463842.1	WP_005768131.1	99.806	3127
WP_035463844.1	WP_005768128.1	99.614	541
WP_035463845.1	WP_005768127.1	99.174	498
WP_035463847.1	WP_011807451.1	99.835	1228
WP_035463849.1	WP_005768120.1	99.583	489
WP_035463854.1	WP_005768063.1	99.565	466
WP_035463858.1	WP_005768059.1	99.696	679
WP_035463864.1	WP_005767988.1	98.750	663
WP_035463868.1	WP_005767938.1	99.618	531
WP_035463870.1	WP_005767936.1	99.359	637
WP_035463872.1	WP_005767934.1	99.425	701
WP_035463876.1	WP_011807429.1	98.971	965
WP_035463878.1	WP_005767927.1	99.535	872
WP_035463882.1	WP_005767894.1	99.897	2013
WP_035463894.1	WP_005766189.1	99.275	270
WP_035463896.1	WP_005766192.1	99.724	739
WP_035463902.1	WP_005766213.1	98.089	300
WP_035463904.1	WP_005766215.1	98.876	179
WP_035463910.1	WP_005766225.1	99.582	493
WP_035463914.1	WP_005766266.1	99.852	1389
WP_035463916.1	WP_005766313.1	99.691	669
WP_035463918.1	WP_005766315.1	98.611	583
WP_035463919.1	WP_005766321.1	99.275	279
WP_035463921.1	WP_005766323.1	99.560	1880
WP_035463923.1	WP_035453132.1	99.658	603
WP_035463925.1	WP_005766346.1	98.824	176
WP_035463927.1	WP_005766380.1	99.647	569
WP_035463929.1	WP_005766438.1	99.206	780
WP_035463931.1	WP_005766444.1	99.537	449
WP_035463933.1	WP_005766446.1	98.873	1816
WP_035463935.1	WP_005766448.1	99.495	409
WP_035463937.1	WP_005766450.1	98.420	1432
WP_035463942.1	WP_005766462.1	99.789	962
WP_035463944.1	WP_005766480.1	99.657	1823
WP_035463945.1	WP_005766483.1	99.206	508
WP_035463947.1	WP_005766487.1	99.222	526
WP_035463949.1	WP_005766489.1	98.462	133
WP_035463951.1	WP_005766490.1	99.367	645
WP_035463953.1	WP_005766492.1	99.345	1275
WP_035463955.1	WP_005766494.1	99.261	830
WP_035463958.1	WP_005766502.1	99.845	1348
WP_035463961.1	WP_005766513.1	99.712	721
WP_035463965.1	WP_005766517.1	99.863	1509
WP_035463970.1	WP_005766653.1	99.446	1112
WP_035463975.1	WP_005766689.1	99.752	1637
WP_035463983.1	WP_005766778.1	99.868	1535
WP_035463985.1	WP_005766855.1	99.848	1374
WP_035463986.1	WP_005767248.1	99.292	1744
WP_035463987.1	WP_005767246.1	99.693	677
WP_035463989.1	WP_005767224.1	99.401	681
WP_035463990.1	WP_005767217.1	99.457	381
WP_035463997.1	WP_005767132.1	99.505	830
WP_035463999.1	WP_005767130.1	99.248	266
WP_035464001.1	WP_005767088.1	99.821	1139
WP_035464003.1	WP_005767072.1	99.855	1417
WP_035464005.1	WP_005767019.1	99.696	662
WP_035464007.1	WP_005766997.1	99.784	1889
WP_035464009.1	WP_005766961.1	99.703	687
WP_035464012.1	WP_011807348.1	99.766	863
WP_035464020.1	WP_005767307.1	80.945	1084
WP_035464021.1	WP_005767309.1	95.874	813
WP_035464023.1	WP_005767311.1	95.614	448
WP_035464025.1	WP_005767315.1	98.481	812
WP_035464027.1	WP_005767317.1	98.507	793
WP_035464030.1	WP_005767319.1	97.196	438
WP_035464031.1	WP_005767321.1	98.944	575
WP_035464034.1	WP_005767337.1	97.244	515
WP_035464037.1	WP_005767360.1	96.956	2489
WP_035464040.1	WP_005767368.1	99.705	703
WP_035464043.1	WP_005767406.1	99.176	1243
WP_035464044.1	WP_005767408.1	98.884	1464
WP_035464046.1	WP_005767411.1	99.820	1112
WP_035464048.1	WP_035453042.1	99.327	611
WP_035464049.1	WP_005767417.1	99.493	1202
WP_035464050.1	WP_005767440.1	99.825	1168
WP_035464052.1	WP_005767464.1	99.256	816
WP_035464055.1	WP_005767465.1	98.932	1118
WP_035464056.1	WP_005767468.1	99.499	825
WP_035464062.1	WP_005767496.1	99.533	439
WP_035464065.1	WP_005767513.1	99.727	755
WP_035464066.1	WP_005767516.1	99.620	550
WP_035464070.1	WP_005767518.1	99.355	628
WP_035464073.1	WP_005767521.1	99.512	417
WP_035464075.1	WP_005767523.1	98.446	391
WP_035464076.1	WP_005767525.1	97.414	471
WP_035464078.1	WP_005767527.1	99.455	746
WP_035464079.1	WP_005767530.1	97.959	292
WP_035464081.1	WP_005767538.1	99.708	701
WP_035464083.1	WP_005767539.1	97.690	624
WP_035464085.1	WP_005767541.1	99.034	1879
WP_035464089.1	WP_011807393.1	98.378	378
WP_035464092.1	WP_005767565.1	99.731	763
WP_035464094.1	WP_005767576.1	99.720	715
WP_035464104.1	WP_035453345.1	99.692	641
WP_035464106.1	WP_005767985.1	98.507	266
WP_035464113.1	WP_035453153.1	99.225	1325
WP_035464154.1	WP_005767675.1	98.928	768
WP_035464156.1	WP_005767676.1	99.893	1935
WP_035464159.1	WP_005767696.1	98.837	694
WP_035464162.1	WP_005767698.1	99.543	428
WP_035464165.1	WP_005767702.1	97.279	883
WP_035464168.1	WP_005767704.1	98.381	507
WP_035464173.1	WP_005767715.1	99.684	617
WP_035464176.1	WP_005767753.1	99.030	1649
WP_035464182.1	WP_005767757.1	97.714	693
WP_035464184.1	WP_005767808.1	99.359	317
WP_035464186.1	WP_005767770.1	99.618	525
WP_035464193.1	WP_035453325.1	99.318	906
WP_035464215.1	WP_005766110.1	98.246	337
WP_035464228.1	WP_035453319.1	99.701	694
WP_035464240.1	WP_005765960.1	99.669	1223
WP_035464251.1	WP_005766037.1	98.585	434
WP_035464254.1	WP_005766034.1	98.840	868
WP_035464257.1	WP_005766031.1	99.543	452
WP_035464260.1	WP_005766021.1	97.929	684
WP_041843502.1	WP_005766130.1	95.781	928
WP_041843503.1	WP_005766132.1	99.845	1344
WP_041843516.1	WP_005766227.1	99.705	692
WP_041843552.1	WP_005767511.1	99.298	573
WP_041843583.1	WP_005768160.1	98.193	674
WP_041843613.1	WP_005765942.1	98.837	351
WP_041843617.1	WP_005765972.1	97.701	353
WP_041843625.1	WP_005766053.1	99.091	449
WP_041843683.1	WP_005767366.1	99.571	930
WP_041847128.1	WP_005765977.1	99.869	1559
WP_041851262.1	WP_005766061.1	99.422	1744
WP_044051781.1	WP_044051781.1	100.000	312
WP_051489842.1	WP_005767586.1	93.827	314
WP_051502001.1	WP_051007750.1	98.966	1158
WP_051502002.1	WP_011807291.1	94.915	233
WP_051502003.1	WP_005765991.1	98.913	371
WP_051502005.1	WP_005766008.1	99.048	427
WP_052467641.1	WP_044051782.1	99.034	847
WP_063329313.1	WP_005766115.1	99.621	540
WP_063329314.1	WP_005766064.1	61.039	77.0
WP_063329320.1	WP_005766010.1	99.873	1607
WP_063329321.1	WP_005765932.1	99.315	297
WP_063329322.1	WP_005765925.1	97.426	949
WP_063329324.1	WP_011807262.1	99.399	1372
WP_063329325.1	WP_462677150.1	99.575	969
WP_063329326.1	WP_005765889.1	99.479	395
WP_063329327.1	WP_005765846.1	98.883	1650
WP_063329328.1	WP_005765796.1	99.490	3230
WP_063329329.1	WP_005765743.1	93.985	251
WP_063329330.1	WP_005765715.1	99.199	2066
WP_063329331.1	WP_005768170.1	99.810	1083
WP_063329332.1	WP_005768158.1	98.864	898
WP_063329333.1	WP_005768149.1	99.876	1661
WP_063329334.1	WP_005768133.1	99.694	1329
WP_063329335.1	WP_005767896.1	91.197	520
WP_063329336.1	WP_005767864.1	99.379	1333
WP_063329337.1	WP_005766136.1	72.566	170
WP_063329338.1	WP_005766599.1	99.275	555
WP_063329339.1	WP_005766582.1	99.693	632
WP_063329340.1	WP_225866730.1	99.398	334
WP_063329341.1	WP_005766433.1	99.763	872
WP_063329342.1	WP_005766386.1	99.550	452
WP_063329343.1	WP_005766384.1	99.671	627
WP_063329344.1	WP_005766353.1	99.760	845
WP_063329345.1	WP_005766221.1	99.919	2499
WP_063329346.1	WP_005766219.1	99.482	397
WP_063329348.1	WP_005766211.1	98.907	1125
WP_063329349.1	WP_005766209.1	99.521	2088
WP_063329350.1	WP_005766204.1	99.562	948
WP_063329351.1	WP_005766182.1	100.000	622
WP_063329353.1	WP_005766188.1	97.353	1735
WP_063329355.1	WP_011807401.1	99.838	1289
WP_063329357.1	WP_005767457.1	99.441	366
WP_063329358.1	WP_005767390.1	99.770	876
WP_063329359.1	WP_005767384.1	99.737	774
WP_063329360.1	WP_005767354.1	73.864	125
WP_063329362.1	WP_005767107.1	99.757	1697
WP_063329363.1	WP_005767117.1	99.574	492
WP_063329364.1	WP_011807364.1	97.665	503
WP_063329365.1	WP_005767184.1	99.595	1003
WP_063329366.1	WP_005767202.1	99.770	1788
WP_063329367.1	WP_005767272.1	99.520	841
WP_063329368.1	WP_005767273.1	99.866	1531
WP_063329369.1	WP_005767662.1	98.438	261
WP_063329370.1	WP_005767666.1	99.238	1046
WP_063329373.1	WP_011807413.1	98.960	2146
WP_063329374.1	WP_005767656.1	99.068	1328
WP_063329376.1	WP_005766719.1	99.928	2826
WP_063329377.1	WP_005766721.1	99.929	2880
WP_063329378.1	WP_005766764.1	99.655	585
WP_063329379.1	WP_005766926.1	99.844	1335
WP_063329381.1	WP_005767038.1	99.858	1434
WP_063329382.1	WP_005767302.1	92.500	82.8
WP_080512677.1	WP_080512677.1	100.000	321
WP_080512680.1	WP_080512680.1	100.000	167
WP_080690893.1	WP_011807336.1	99.748	814
WP_080690894.1	WP_414945891.1	88.889	119
WP_080691003.1	WP_005766604.1	98.357	1612
WP_080772906.1	WP_005766603.1	98.462	656
WP_080774880.1	WP_080774880.1	100.000	268
WP_081197060.1	WP_005766376.1	98.854	713
WP_104408433.1	WP_104408433.1	100.000	639
WP_144445000.1	WP_080512682.1	98.178	892
WP_172952859.1	WP_172952859.1	100.000	198
WP_172952860.1	WP_172952860.1	100.000	551
WP_172952861.1	WP_172952861.1	100.000	624
WP_172952862.1	WP_172952862.1	100.000	370
WP_172952867.1	WP_172952867.1	100.000	772
WP_172952870.1	WP_172952870.1	100.000	424
WP_179852335.1	WP_005766099.1	97.826	98.6
WP_179852336.1	WP_011807293.1	97.767	1280
WP_179852339.1	WP_005767313.1	98.113	104
WP_225866719.1	WP_196242563.1	100.000	110
WP_225866722.1	WP_225866722.1	100.000	167
WP_225866728.1	WP_225866728.1	100.000	111
WP_225866732.1	WP_225866732.1	100.000	354
WP_225866733.1	WP_225866733.1	100.000	182
WP_236822973.1	WP_236822973.1	100.000	130
WP_236822976.1	WP_236822976.1	100.000	140
WP_245257378.1	WP_172952863.1	97.906	390
WP_245257379.1	WP_225866720.1	97.015	124
WP_245257382.1	WP_005766038.1	96.820	565
WP_245285818.1	WP_005767706.1	82.096	1959
WP_245285819.1	WP_005767742.1	99.744	789
WP_250645096.1	WP_250645096.1	100.000	124
WP_280101179.1	WP_280641459.1	99.677	637
WP_280939883.1	WP_146075923.1	98.734	171
WP_335617962.1	WP_335617962.1	100.000	85.5
WP_335617968.1	WP_335617968.1	100.000	121
WP_342487248.1	WP_236822979.1	99.275	283
WP_414946508.1	WP_414945798.1	98.171	336
WP_425351719.1	WP_005766217.1	84.026	734
